,assignment_id,job_id,worker_code,worker_id
0,3EG49X351YKM02M1R6VQZE23X1IX67,3ZRKL6Z1FBBDFUREJ7TOND2DE7RSG5,t00:gFPzR,A3GQR#####AQJY
1,3O6CYIULEH9SDD7CDJX7D12CRLVWUG,3ZRKL6Z1FBBDFUREJ7TOND2DE7RSG5,t00:ZRyN8,A3819#####M0T9
2,37Z929RLGDGK6JBET9XWBGDP2UTST7,3ZRKL6Z1FBBDFUREJ7TOND2DE7RSG5,t00:TNaJw,A3PKT#####WR97
3,3NG53N1RLZR4V73YYUI7PFCR1X3P81,3ZRKL6Z1FBBDFUREJ7TOND2DE7RSG5,dropped,A7UMU#####KNX
4,39LOEL67OWDXOIYB0WL0CC9QW1C384,3ZRKL6Z1FBBDFUREJ7TOND2DE7RSG5,t00:tzTZI,AKJ22#####IQX
5,3IXQG4FA2X625ILYKH6KUR2D4Z49BN,3ZRKL6Z1FBBDFUREJ7TOND2DE7RSG5,t00:MDEGQ,A272X#####FYLB
6,3HYA4D452VRHIFCF4AD13ULKDRL2F5,3ZRKL6Z1FBBDFUREJ7TOND2DE7RSG5,t00:O4Gwb,AKOOC#####15H
7,3QBD8R3Z25RLR64V7RFFJ3RWP8QO4V,3ZRKL6Z1FBBDFUREJ7TOND2DE7RSG5,t00:d03So,AECDI#####BY2
8,3PMBY0YE2BBLFND4YH2F5B8VMMLC9I,3ZRKL6Z1FBBDFUREJ7TOND2DE7RSG5,t00:aJ2LE,A33L6#####76DB
9,3EO896NRA01YYGIP3IYF2X8OEMYJT9,3NZ1E5QA727O9BBUOSYYC9O9S0SB5A,t00:Vz8GF,A30UE#####UCWX
10,3HFNH7HEMLKBFY0WE8JH0F5L2NMGQS,3NZ1E5QA727O9BBUOSYYC9O9S0SB5A,t00:5uvSM,A30KY#####7JER
11,3MH9DQ7570I37R7DVH3MAG2A58OUG7,3NZ1E5QA727O9BBUOSYYC9O9S0SB5A,t00:EODI8,A3V11#####S412
12,3GDTJDAPVYH514WM3H0CRT4I44W8M3,3NZ1E5QA727O9BBUOSYYC9O9S0SB5A,t00:2V7e5,A1YGF#####B30G
13,388U7OUMFB7EGV4BDLJEKDSARTQ0R3,3NZ1E5QA727O9BBUOSYYC9O9S0SB5A,t00:Wh1bs,A1578#####377Y
14,3JNQLM5FT8SA97CCNOQWHPCQIZRL2O,3NZ1E5QA727O9BBUOSYYC9O9S0SB5A,t00:zo2qy,AMPMT#####MK8
15,33C7UALJVP485FAXAVHE71GF6U818X,3NZ1E5QA727O9BBUOSYYC9O9S0SB5A,dropped,A2H26#####CIYC
16,340UGXU9D27MPOX8KC28AH5KSPGVU5,3NCN4N1H2JNSZ0H0SSUK6QOVJL0NBK,t00:8Fwfn,A1LRJ#####32TM
17,3MB8LZR5BJZ5QNG2CUW0HLYKZ1NKLN,3NCN4N1H2JNSZ0H0SSUK6QOVJL0NBK,t00:bWfjr,A1F2G#####WQ6M
18,3VJ40NV2QMTCZR9MJVQKATPADJJOTE,3NCN4N1H2JNSZ0H0SSUK6QOVJL0NBK,t00:s1J6e,A3K3Z#####R0ZH
19,30BXRYBRP83UZRRTAN05D4Z85RQHWC,3NCN4N1H2JNSZ0H0SSUK6QOVJL0NBK,t00:CGmBk,A2XUA#####1HQ5
20,308XBLVESMAF0I7LB1G34UOTIYYRBT,3NCN4N1H2JNSZ0H0SSUK6QOVJL0NBK,t00:9J5po,A1YFV#####CXSF
21,3U4J9857OIH5IZN62NIXZDXTHNJ7BR,3NCN4N1H2JNSZ0H0SSUK6QOVJL0NBK,t00:4HtQe,A2REV#####A1RR
22,3Z3ZLGNNSM0ALMO8JTCXHLGCYKHQ3Y,3NCN4N1H2JNSZ0H0SSUK6QOVJL0NBK,t00:QgPI6,A10AV#####R4UQ
23,3VE8AYVF8Q3ZVU45HUWZW3K975LF88,3NZ1E5QA727O9BBUOSYYC9O9S0SB5A,t00:loFdp,A15FX#####NW31
24,3RXCAC0YIVV59U00SE2HEOKL8K2G8P,3S4TINXCD3TAHLHCT7UXLFO09VBBOT,t00:DhihT,A1DIW#####9CMO
25,3NPFYT4IZGAVOV180ME9UN1EZTBXGE,3S4TINXCD3TAHLHCT7UXLFO09VBBOT,t00:14fPD,A1N7O#####03D8
26,32ZKVD547JTNHGMJ0BF7MWLDCLL3B6,3S4TINXCD3TAHLHCT7UXLFO09VBBOT,t00:GKdtc,A297O#####0XS3
27,3ERMJ6L4D2Y11QR3TC86DT8NTMAM7I,3S4TINXCD3TAHLHCT7UXLFO09VBBOT,t00:KVsbM,A3LVL#####1ZD7
28,3PQMUDRV7VCCURI8ROEBCPRFQU5IIZ,3S4TINXCD3TAHLHCT7UXLFO09VBBOT,t00:P5vi2,A22DF#####GRLV
29,3H7Z272LXBD61EDIPM18D2KJTBOPLO,3S4TINXCD3TAHLHCT7UXLFO09VBBOT,t00:0GKb5,A1F1O#####77D8
30,358010RM5IZE6SR3PHDVUO4OM97VXB,33KGGVH25XNWYWDCS1O4YG2KZNQX12,t00:1jBQm,A2NA2#####COZY
31,3BDCF01OG100AS5JG9XRQTDVXHZYL1,33KGGVH25XNWYWDCS1O4YG2KZNQX12,t00:TPgO5,A1FYW#####KN1O
32,3FK0YFF9P3MM23M8P2CD63736YZVV8,33KGGVH25XNWYWDCS1O4YG2KZNQX12,t00:h2aUA,APB33#####EWK
33,3PJ71Z61R888JKT7FNNS7XBQQ2A19A,33KGGVH25XNWYWDCS1O4YG2KZNQX12,dropped,A1UU2#####FEX1
34,3TY7ZAOG5JQSTRRGN1AHJ16WW4FK0J,33KGGVH25XNWYWDCS1O4YG2KZNQX12,t00:p9FsT,A1Z8A#####IV43
35,33LK57MYLXBNJVAEW4WBGM0SV5DSZ2,33KGGVH25XNWYWDCS1O4YG2KZNQX12,dropped,A258M#####6JEP
36,3JZQSN0I3UGEO9AN0S8NOG17VPPFGH,33KGGVH25XNWYWDCS1O4YG2KZNQX12,t00:I5Noe,A1ZN6#####VVAH
37,33C7UALJVP485FAXAVHE71GF6WT81T,33KGGVH25XNWYWDCS1O4YG2KZNQX12,t00:avXhv,A3NCE#####7GUI
38,3DR23U6WE9KQN0WXPHNO5HVW9IGTEK,33KGGVH25XNWYWDCS1O4YG2KZNQX12,t00:WIHct,A3RHJ#####GY2U
39,3OSWBBLG1I3SCBRHYWD1O2YHM25XDG,33KGGVH25XNWYWDCS1O4YG2KZNQX12,t00:tumSE,AMYUR#####C8T
40,3IRIK4HM3EQ5O417XD904J3F4YU6CV,33KGGVH25XNWYWDCS1O4YG2KZNQX12,t00:iKYln,A2ZXE#####1E16
41,3L4PIM1GQXMBDQ0WLTUNC5MU39QYRT,33KGGVH25XNWYWDCS1O4YG2KZNQX12,t00:2s6Pp,A1FNN#####BU8U
42,37ZHEEHM60S0F4JTNU3RHUZHTW273Y,33KGGVH25XNWYWDCS1O4YG2KZNQX12,t00:ZfTP9,A27SR#####XUHM
43,3C44YUNSI5VN32PQC53KUPCEK3UPDI,33KGGVH25XNWYWDCS1O4YG2KZNQX12,t00:lE61e,A2MSV#####3WIU
44,32XVDSJFP33UFPUXN0RBH2RFI7X2MT,33KGGVH25XNWYWDCS1O4YG2KZNQX12,t00:fF0B3,A3O0E#####CZ92
45,3ZR9AIQJUFF7FP2D29N1CKH0ZIQ40E,33KGGVH25XNWYWDCS1O4YG2KZNQX12,t00:GAxTH,A3MJC#####K0US
46,3PB5A5BD0ZC19GVHI9AB0OOQX19G7H,33KGGVH25XNWYWDCS1O4YG2KZNQX12,t00:Le0vi,APGX2#####WDN
47,32AT8R96GPF6XWG4QHX3ZULDTNYUSF,33KGGVH25XNWYWDCS1O4YG2KZNQX12,t00:0T4hq,A3J85#####FYW0
48,33FOTY3KEQRAHI0AR7XJ9NCYWNH1CV,33KGGVH25XNWYWDCS1O4YG2KZNQX12,t00:Cras7,AADRV#####H75
49,3QAVNHZ3EQAZEA7G03JBN7VOUQ1AL8,33KGGVH25XNWYWDCS1O4YG2KZNQX12,t00:6dikI,A2O7L#####IHAF
50,36AHBNMV1VIHCGHR3SZ37G5QO83DY6,33KGGVH25XNWYWDCS1O4YG2KZNQX12,t00:v6Tm3,A2E3S#####ENIR
51,3KJYX6QCMDHDB8ME8DYU3FW9BBXJVG,33KGGVH25XNWYWDCS1O4YG2KZNQX12,t00:lXFSv,A230G#####3SE7
52,3K5TEWLKGZHHGX28QVDUREH9YW9IV4,33KGGVH25XNWYWDCS1O4YG2KZNQX12,t00:N4LjV,A18XF#####1OL1
53,3OVHNO1VEA7HH6RWZE1MLNESU27DZX,33KGGVH25XNWYWDCS1O4YG2KZNQX12,t00:jJE4J,AZCGF#####O10
54,3G5W44VEUBOP4V2113ZK4TTC3LAGKO,33KGGVH25XNWYWDCS1O4YG2KZNQX12,t00:1wPwJ,AIVOF#####LGM
55,3E7TUJ2EGGS2BF9JVG7N8ZCZFZI9DD,33KGGVH25XNWYWDCS1O4YG2KZNQX12,t00:6LNKX,A3FBC#####Z05K
56,3E13VNJ1NR11ULMAJHT5KQAT9SZI1C,33KGGVH25XNWYWDCS1O4YG2KZNQX12,t00:YSRok,A3V1V#####YN17
57,3QECW5O0KL7QRH34EGUL1NPJWPOT5Q,33KGGVH25XNWYWDCS1O4YG2KZNQX12,t00:QSCKA,A30MP#####MIFD
58,3RUIQRXJBFUGATYKXU81WLBZO21LL2,33KGGVH25XNWYWDCS1O4YG2KZNQX12,t00:Lk8bk,A18QU#####Q8DF
59,3JJVG1YBEF3QVV9NEU301TJXQIPB5J,33KGGVH25XNWYWDCS1O4YG2KZNQX12,t00:OdiiJ,A21UA#####AIQJ
60,3MMN5BL1W3AJ07QGR05G0CW7OLZM3Q,33KGGVH25XNWYWDCS1O4YG2KZNQX12,t00:gM3uv,A379F#####3SVU
61,3Q8GYXHFET89501TSUZVCDPF83OC5Q,33KGGVH25XNWYWDCS1O4YG2KZNQX12,dropped,A3JNS#####X3D7
62,3A0EX8ZRNCUOXJJ7PW8XCQHQLNRYBK,33KGGVH25XNWYWDCS1O4YG2KZNQX12,t00:pxcsx,A320Q#####UOZO
63,33LK57MYLXBNJVAEW4WBGM0SV5HSZ6,33KGGVH25XNWYWDCS1O4YG2KZNQX12,dropped,A3SCS#####P3LB
64,3IAEQB9FMIQDNBMRORHFMJKAD03DW7,33KGGVH25XNWYWDCS1O4YG2KZNQX12,t00:mTN0e,A3IE3#####XFGN
65,3IXQG4FA2X49WIBZHKGHD9OZCE99B9,33KGGVH25XNWYWDCS1O4YG2KZNQX12,t00:xvdYT,A1EN3#####SXQQ
66,3TU5ZICBRH7WMJUEVA7T82ONE8QQ8B,33KGGVH25XNWYWDCS1O4YG2KZNQX12,t00:dhikR,A14WL#####EKO0
67,3GA6AFUKOSUX8TP503P387OB7Z3H3F,33KGGVH25XNWYWDCS1O4YG2KZNQX12,t00:5TN98,A2XQ3#####ZNYB
68,379J5II41SM24NOSG8LXJQLFF52ELA,33KGGVH25XNWYWDCS1O4YG2KZNQX12,t00:pKgFx,A25KG#####OAOJ
69,3LBXNTKX0V1G9LE0MG8Z26FRVHX9XI,33KGGVH25XNWYWDCS1O4YG2KZNQX12,t00:PhB4d,ASVRL#####UD9
70,38F71OA9GX2EGJ69BV6I1LL4RB8MF3,33KGGVH25XNWYWDCS1O4YG2KZNQX12,t00:0CvNc,A1CE3#####PXSS
71,3S96KQ6I9QALVUIXTMC4ZZDB96FTDR,33KGGVH25XNWYWDCS1O4YG2KZNQX12,t00:xbUpI,A3RVX#####ATQ
72,337RC3OW098J6YAEBYA7JU91F05VLX,33KGGVH25XNWYWDCS1O4YG2KZNQX12,t00:vO1fp,A2N9U#####DQ9F
73,33PPO7FECZLVMG2MZAD0LSB2YP8DI3,33KGGVH25XNWYWDCS1O4YG2KZNQX12,t00:ghe9D,A2IP3#####V8M9
74,3Q8GYXHFET89501TSUZVCDPF83OC5Q,33KGGVH25XNWYWDCS1O4YG2KZNQX12,t00:KWB8Q,A3A82#####Q2CV
75,3F0BG9B9MTT1V7GHCFWH7OVU2X27Y9,33KGGVH25XNWYWDCS1O4YG2KZNQX12,t00:XGTtM,A1WL3#####EOWP
76,3Y4W8Q93L3Q08MMMYHCJ0H1W6RWVDA,33KGGVH25XNWYWDCS1O4YG2KZNQX12,t00:XLFG2,A1Q4Z#####7K6I
77,3XIQGXAUMGECV2Q77JAFOAOL0RB7X6,33KGGVH25XNWYWDCS1O4YG2KZNQX12,t00:AdR20,A2287#####EZ56
78,3COPXFW7XFIVH8V04MP7Y2744C3KP2,33KGGVH25XNWYWDCS1O4YG2KZNQX12,t00:nY6FC,AXY0D#####E2A
79,3WLEIWSYHSN8NBTMW3BYPXJJ1L4H25,33KGGVH25XNWYWDCS1O4YG2KZNQX12,t00:OxQbr,AB5T5#####D47
80,3X66WABAJ0OJ8XUUGX7LN7CASZPG3E,33KGGVH25XNWYWDCS1O4YG2KZNQX12,t00:7UEPu,A2Y5I#####FR8H
81,3SNVL38CI8YCNJMWZH31E28X5TJKCJ,33KGGVH25XNWYWDCS1O4YG2KZNQX12,dropped,AWVIO#####NVU
82,3U0SRXB7CHBH1RWIERLCVPONZPXNR3,33KGGVH25XNWYWDCS1O4YG2KZNQX12,t00:2l0PP,A2QNV#####UVMU
83,3FIJLY1B6YAK1M3M3BYAIPFZWGIFPR,33KGGVH25XNWYWDCS1O4YG2KZNQX12,t00:OTf18,A25R2#####Q1OW
84,3OJSZ2ATDW23TJ6X1DRKWRX17S557Y,33KGGVH25XNWYWDCS1O4YG2KZNQX12,dropped,A3T28#####TOIZ
85,3DH6GAKTY2VKFHMNVAO0Y8OTCQDZYR,33KGGVH25XNWYWDCS1O4YG2KZNQX12,t00:V0XMI,AWCET#####7N4
86,39N5ACM9HITB0CC90PYI8TTOTIP9PV,33KGGVH25XNWYWDCS1O4YG2KZNQX12,t00:XZ4Sv,A13FU#####LBUY
87,3EQHHY4HQWYMMCHYUGVE24AU6VPG5D,33KGGVH25XNWYWDCS1O4YG2KZNQX12,t00:Tx3oO,A16RL#####18F5
88,3FPRZHYEP2D2QUKP5S67N8FKFEMV3R,33KGGVH25XNWYWDCS1O4YG2KZNQX12,t00:XGJLA,A2NY4#####7O1C
89,3TS1AR6UQUKVVGZM7P4TI3OEWMMF7U,33KGGVH25XNWYWDCS1O4YG2KZNQX12,dropped,A3MCG#####EZR8
90,3ERMJ6L4D2Y11QR3TC86DT8NTNY7MT,33KGGVH25XNWYWDCS1O4YG2KZNQX12,t00:sXjHO,A2LV5#####1S39
91,3U5JL4WY5OFFCF8O5LC8LY4B9PRX4I,33KGGVH25XNWYWDCS1O4YG2KZNQX12,t00:MKjUH,AS4E9#####O5Z
92,3LWJHTCVCGS51Y413ODZIU591CEFQS,33KGGVH25XNWYWDCS1O4YG2KZNQX12,t00:e6S2X,A2UZT#####UBGE
93,3VHHR074H7NHV89IT07RDGTYTI87LR,33KGGVH25XNWYWDCS1O4YG2KZNQX12,t00:0PYqz,A3BLJ#####ZC9U
94,3MX2NQ3YCD0X8YCOJQVIQQAP9LM5XV,33KGGVH25XNWYWDCS1O4YG2KZNQX12,t00:YgCBh,A59L6#####C3V
95,35LDD5557EAPW5YNC6XFHYD9Z7ZKMD,33KGGVH25XNWYWDCS1O4YG2KZNQX12,t00:GeEES,A1B14#####7008
96,32KTQ2V7RHL5F9FW896QRPZTODN9M8,33KGGVH25XNWYWDCS1O4YG2KZNQX12,t00:dufoP,A17FG#####9RZA
97,386CSBG1O3S9I5BQ2VAVOOSW8DC6QH,33KGGVH25XNWYWDCS1O4YG2KZNQX12,t00:COgSz,A2BRZ#####AVER
98,39DD6S19JTHM9C5WV9C6R5WDUEJZEN,33KGGVH25XNWYWDCS1O4YG2KZNQX12,t00:ZX6lI,A2QG8#####6F9P
99,3FIJLY1B6YAK1M3M3BYAIPFZWGLFPU,33KGGVH25XNWYWDCS1O4YG2KZNQX12,t00:f8wdt,A128D#####4LOJ
100,3AQF3RZ55COCRGLHOFZ1CPOI1B2F6V,33KGGVH25XNWYWDCS1O4YG2KZNQX12,t00:dfcCn,A3G6L#####KR7F
101,3VHP9MDGRRQ17XUIY6C4YPGSXXDCFK,33KGGVH25XNWYWDCS1O4YG2KZNQX12,t00:3naqN,A2DZ1#####LUVY
102,3MHW492WW4J3CGSZBABMJ7OQF59VMD,33KGGVH25XNWYWDCS1O4YG2KZNQX12,t00:tiM8v,A3P42#####PWIB
103,33CKWXB73NQQUFQCBA8ZSRT7SQ911O,3QHITW7OZRF8JNP026M5F9ZU6EEQAR,t00:wCH9U,ABUF5#####JQO
104,36DSNE9QZ94ILODH71CG8N21FIIJOW,3QHITW7OZRF8JNP026M5F9ZU6EEQAR,t00:qMnuI,A2NI2#####FE1S
105,34X6J5FLPX4L60QXME4KXSX1UJ0JQ4,3QHITW7OZRF8JNP026M5F9ZU6EEQAR,t00:qGCvT,A1R9Z#####DXLM
106,3I0BTBYZA1RNDWGXRGB8S9L7UJC0YI,3QHITW7OZRF8JNP026M5F9ZU6EEQAR,t00:MsOUo,A2XQ3#####T2ZQ
107,37ZHEEHM60S0F4JTNU3RHUZHTWN73J,3QHITW7OZRF8JNP026M5F9ZU6EEQAR,t00:RyKc8,A1NB2#####7JEG
108,3VA45EW49RTBQ7XDHC6A4N6FL1JO1Y,3QHITW7OZRF8JNP026M5F9ZU6EEQAR,t00:NDGRH,A1EPE#####9XO2
109,39DD6S19JTHM9C5WV9C6R5WDUEPZET,3QHITW7OZRF8JNP026M5F9ZU6EEQAR,t00:JQjd8,A26VF#####XWSX
110,3LJ7UR74RLJA0LUK3FPZNWDD7BO4NC,3QHITW7OZRF8JNP026M5F9ZU6EEQAR,t00:1K1iD,A1P47#####LQ6P
111,37Z929RLGDERXJ1FQC7TUYZBA9CTS8,3QHITW7OZRF8JNP026M5F9ZU6EEQAR,t00:YzMat,A2FOU#####HIE0
112,3P1L2B7AD5VOGE1HAMOTO2FTJ7NLO0,3QHITW7OZRF8JNP026M5F9ZU6EEQAR,t00:ESXCU,A3BHR#####X3GO
113,3W92K5RLWYN5497TJBU025D4TAKV5O,3QHITW7OZRF8JNP026M5F9ZU6EEQAR,t00:otiuH,A30PN#####8SKY
114,3N4BPTXIOCY89D3WL8O188U3CT6UKJ,3QHITW7OZRF8JNP026M5F9ZU6EEQAR,t00:01MMq,AR8MB#####NDR
115,3EA3QWIZ4M1235YJL0DFQWTO1BBTIH,3QHITW7OZRF8JNP026M5F9ZU6EEQAR,t00:uyCnt,A2QPM#####LUW2
116,3IHR8NYAMB7A366XJU2RRLI87QP4P8,3QHITW7OZRF8JNP026M5F9ZU6EEQAR,t00:Rahom,A38DH#####8DL8
117,30LSNF239Y18J6462LTJP9KY1YY2IY,3QHITW7OZRF8JNP026M5F9ZU6EEQAR,t00:UZRiv,AM4RU#####E8L
118,3KRVW3HTZRRNKOBVHF6H8K4JG1GMS0,3QHITW7OZRF8JNP026M5F9ZU6EEQAR,t00:CKtHb,A1C2T#####HE39
119,373ERPL3YSEFW412BN7O4OUFO7TTRK,3QHITW7OZRF8JNP026M5F9ZU6EEQAR,t00:Jb7HZ,AMELY#####KB0
120,3TESA3PJ35GKMTYQXIAVWB5DOCYMMO,3QHITW7OZRF8JNP026M5F9ZU6EEQAR,t00:vl2KT,A1YCG#####CNBH
121,30ZX6P7VFC14EHOCK3EJ1AZYEDN2JA,3QHITW7OZRF8JNP026M5F9ZU6EEQAR,t00:Ae9Pr,A156M#####XMR2
122,3300DTYQT6NDVK458DTT0CK9PB5EQF,3QHITW7OZRF8JNP026M5F9ZU6EEQAR,t00:C4ak6,A1UZY#####SQ1P
123,3QIYRE09Y7NT8MX1GX6XPY6AVRF1NX,3QHITW7OZRF8JNP026M5F9ZU6EEQAR,t00:YP8LW,AIK9I#####848
124,3IJXV6UZ11PPNQLRHB8KQHS6DQDRI1,3QHITW7OZRF8JNP026M5F9ZU6EEQAR,t00:6vn0Z,A1ATL#####FW4V
125,3OVR4I9USTPV3I7CJ7HGRQ8ICMB4QZ,3QHITW7OZRF8JNP026M5F9ZU6EEQAR,t00:zNfZ1,A3HQX#####KT4F
126,3SNLUL3WO8TJTJLE6802N87I1TBULM,3QHITW7OZRF8JNP026M5F9ZU6EEQAR,t00:XIOlX,AOTSR#####XS1
127,38F5OAUN5RIF9CQS2FSTLO0RC167HR,3QHITW7OZRF8JNP026M5F9ZU6EEQAR,t00:dxQOr,A8RAY#####BQD
128,3MAOD8E57UG1YNIUNQR4K7AB06SXNJ,3QHITW7OZRF8JNP026M5F9ZU6EEQAR,t00:gK72U,A1YFR#####JYUN
129,33LKR6A5KIQR3Z2LDTS9YXC2K911TY,3QHITW7OZRF8JNP026M5F9ZU6EEQAR,t00:l2t2w,A3P6C#####UX43
130,3BEFOD78WAZ4I39KREAZAHOD2LE4MC,3QHITW7OZRF8JNP026M5F9ZU6EEQAR,t00:FORoP,A228Y#####B7J2
131,3RWE2M8QWLGT1XCJKE2XBTN0QZ90NT,3QHITW7OZRF8JNP026M5F9ZU6EEQAR,t00:n6Lb1,A5LUU#####O8K
132,32VNZTT0ABAVFJMCWM6GWGIN88D4R0,3QHITW7OZRF8JNP026M5F9ZU6EEQAR,t00:Yalsn,A3J37#####IYDR
133,30X31N5D67WMIN26KCGCZT9JMKTAS6,3QHITW7OZRF8JNP026M5F9ZU6EEQAR,t00:ca3Pd,A1AJM#####YOAN
134,36TFCYNS48G9ORWJKSWRFNDFEUKXHB,3QHITW7OZRF8JNP026M5F9ZU6EEQAR,t00:KVo2M,ATK8J#####XTT
135,3U0SRXB7CHBH1RWIERLCVPONZP8RNI,3QHITW7OZRF8JNP026M5F9ZU6EEQAR,t00:5XcqJ,A1OIB#####4R5K
136,3G2UL9A02HKZCN6B6W1POXB13NQ76Q,3QHITW7OZRF8JNP026M5F9ZU6EEQAR,t00:fxzAr,AQKN1#####C29
137,3634BBTX0S0SK0GIQG8Q9SENA24IFZ,3QHITW7OZRF8JNP026M5F9ZU6EEQAR,t00:eEHl6,A2VA7#####NEM1
138,35LDD5557EAPW5YNC6XFHYD9Z73MKJ,3QHITW7OZRF8JNP026M5F9ZU6EEQAR,t00:EUv1M,A3TQU#####YUUE
139,3WJEQKOXAC8MO33C7T1S3SMAWKG1AD,3QHITW7OZRF8JNP026M5F9ZU6EEQAR,t00:jKNuo,A23HZ#####K2DA
140,3E7TUJ2EGGS2BF9JVG7N8ZCZFZ2D91,3QHITW7OZRF8JNP026M5F9ZU6EEQAR,dropped,A3HAE#####PT6A
141,31EUONYN2Z9RCJDBOQQZBBDVA5ROVO,3QHITW7OZRF8JNP026M5F9ZU6EEQAR,t00:zANAG,A25CZ#####F4UV
142,37TRT2X24UXY2UO83W7U23228J2BJN,3QHITW7OZRF8JNP026M5F9ZU6EEQAR,t00:FsEBK,A1I3Q#####ACFR
143,3X3OR7WPZ36LVME135ZXRGPT42ML80,3QHITW7OZRF8JNP026M5F9ZU6EEQAR,t00:IBjin,A37AL#####LQQ3
144,3QILPRALQ91BJMHMFIFC48TI9XLN83,3QHITW7OZRF8JNP026M5F9ZU6EEQAR,t00:YneqM,A2R0Y#####Z30S
145,3RRCEFRB7QI8ZC5N0PKQW1DJQMB4BO,3QHITW7OZRF8JNP026M5F9ZU6EEQAR,t00:mj8R6,A39VR#####589F
146,3IGI0VL64BQE4E42MZ481UJIO2QNO7,3QHITW7OZRF8JNP026M5F9ZU6EEQAR,t00:U1A25,A20JF#####42HB
147,33CUSNVVNRIQGFUI9GQTMB3NK2N881,3QHITW7OZRF8JNP026M5F9ZU6EEQAR,t00:VOgqU,A3DUP#####9W5R
148,35K3O9HUAFJG4VEWUXIZODGVI9VEFK,3QHITW7OZRF8JNP026M5F9ZU6EEQAR,t00:Wllce,A4J4G#####8L0
149,3JAOYWH7VMAL9RXB8X5BRCK4O84L9P,3QHITW7OZRF8JNP026M5F9ZU6EEQAR,t00:veXjR,AJQGW#####T4Y
150,3QY5DC2MXVQXTRBIKXX4SV2Y4XSFU5,3QHITW7OZRF8JNP026M5F9ZU6EEQAR,t00:99Rj0,AYYSG#####U15
151,3OVR4I9USTPV3I7CJ7HGRQ8ICMC4Q0,3QHITW7OZRF8JNP026M5F9ZU6EEQAR,t00:C4OFV,A2XHD#####A5Z6
152,36NEMU28XJJGR5S41KGI5974MEFMWI,3QHITW7OZRF8JNP026M5F9ZU6EEQAR,t00:sJF4F,A28J7#####9DC3
153,31HQ4X3T3WG3E6TAH35287PUGWQLSX,3QHITW7OZRF8JNP026M5F9ZU6EEQAR,t00:Mc0jB,A36UN#####D99W
154,3K9FOBBF2LP6YT1597OG9DFOTXLNLQ,3QHITW7OZRF8JNP026M5F9ZU6EEQAR,t00:KnAxf,A225S#####9EIU
155,3Z7VU45IP2NNPBBKJLHRKLDJ55MZ1B,3QHITW7OZRF8JNP026M5F9ZU6EEQAR,t00:T4E1K,A36KZ#####GRYW
156,384PI804XW7QHA4OSAJJANX6DYJ0S7,3QHITW7OZRF8JNP026M5F9ZU6EEQAR,t00:fcfui,A1SXC#####IYL2
157,31LVTDXBLBGRDRTX2E5XIXKYUU7LR9,3QHITW7OZRF8JNP026M5F9ZU6EEQAR,t00:pRQ9n,A38ZV#####34IZ
158,3L70J4KAZKSGGYJONMLN4UNJLHKDAG,3QHITW7OZRF8JNP026M5F9ZU6EEQAR,t00:f26wf,A1YT9#####EGX1
159,3ZSANO2JCJDHEEJEVS24DUKAJ05FSN,3QHITW7OZRF8JNP026M5F9ZU6EEQAR,t00:xqtvJ,AO32G#####YY7
160,3QAVNHZ3EQAZEA7G03JBN7VOUQMLA4,3QHITW7OZRF8JNP026M5F9ZU6EEQAR,t00:2we2S,A1SWV#####25S1
161,37FMASSAYGX27J42LEMUQ2N2V4DBIB,3QHITW7OZRF8JNP026M5F9ZU6EEQAR,t00:HvwBA,A1LUQ#####MYNI
162,34V1S5K3GW73Q6U4LTZ92T27YDF692,3QHITW7OZRF8JNP026M5F9ZU6EEQAR,t00:dX3R9,A2G4L#####Z28Y
163,3BEFOD78WAZ4I39KREAZAHOD2LEM4U,3QHITW7OZRF8JNP026M5F9ZU6EEQAR,t00:RW9eU,AMIQG#####YO4
164,3DHE4R9OC0HUNFYBCXTG4X7IML8G2M,3QHITW7OZRF8JNP026M5F9ZU6EEQAR,t00:uik3d,AAO2L#####Y1J
165,3YJ6NA41JFM06OPIM1PVXN7RPNEJPD,3QHITW7OZRF8JNP026M5F9ZU6EEQAR,dropped,A6FFQ#####0SC
166,3U8YCDAGXTME4UPB06UEFNI5VAYQ08,3QHITW7OZRF8JNP026M5F9ZU6EEQAR,t00:v88es,A3DDY#####LJW
167,37Z929RLGDERXJ1FQC7TUYZBA9FSTA,3QHITW7OZRF8JNP026M5F9ZU6EEQAR,t00:yBoOw,A2C7W#####HKCS
168,30IQTZXKAOCYDRQNMKP69VEYSDM0XG,3QHITW7OZRF8JNP026M5F9ZU6EEQAR,t00:xR9y3,A3D6V#####QF3D
169,3N2BF7Y2VU0YUFXF6LUI46XH7QZMHF,3QHITW7OZRF8JNP026M5F9ZU6EEQAR,t00:e3Eib,A1JQ2#####97R3
170,3G2UL9A02HKZCN6B6W1POXB13NT67S,3QHITW7OZRF8JNP026M5F9ZU6EEQAR,t00:nI4MV,AMLE1#####VL8
171,369J354OFHGI5GHCZZ5JUAOU2QC6GV,3QHITW7OZRF8JNP026M5F9ZU6EEQAR,t00:FJu9P,A1X2J#####AVX
172,3Y4W8Q93L3Q08MMMYHCJ0H1W6RNDVJ,3QHITW7OZRF8JNP026M5F9ZU6EEQAR,t00:c6ma7,AU2NV#####49C
173,39L1G8WVWUXM4I4RYEMIGK84QAR13K,3QHITW7OZRF8JNP026M5F9ZU6EEQAR,t00:PgrqN,AENW8#####H8S
174,3AMYWKA6YFS6XTYANIIRZJXWTC36OI,3QHITW7OZRF8JNP026M5F9ZU6EEQAR,dropped,AULU4#####1CW
175,3MD9PLUKKMKQ3II9O8FPHSQM86UZNM,3QHITW7OZRF8JNP026M5F9ZU6EEQAR,t00:5hA5v,A1B9H#####4C0G
176,3YDTZAI2W1M7MENVYSR1QP0A4AN145,3QHITW7OZRF8JNP026M5F9ZU6EEQAR,t00:cHGhG,A1P0M#####ZIDK
177,384PI804XW7QHA4OSAJJANX6DYK0S8,3QHITW7OZRF8JNP026M5F9ZU6EEQAR,dropped,A5N55#####4G2
178,3Q5C1WP23Q7PIXRVCXABVH6O46I15A,3QHITW7OZRF8JNP026M5F9ZU6EEQAR,t00:swSIA,AENJ7#####NYX
179,3LO69W1SU7J0O1KJM3BLJT6RSLZLGG,3QHITW7OZRF8JNP026M5F9ZU6EEQAR,t00:2WPKj,A1815#####Z7JH
180,3II4UPYCOND83EQ5CII9UU2OPZ8QD2,3QHITW7OZRF8JNP026M5F9ZU6EEQAR,t00:o5QEe,AOSLT#####476
181,3X08E93BHZOG8NS6NMWXIJB58C966T,3QHITW7OZRF8JNP026M5F9ZU6EEQAR,t00:WllfA,A1Y66#####8PJA
182,3WS1NTTKE2IHD5Z2MQJK3OERO8R0FQ,3QHITW7OZRF8JNP026M5F9ZU6EEQAR,t00:AOBbh,A1WRN#####NGRV
183,3OLF68YTND7DEIXKESGDSUQ4XU2FAV,3QHITW7OZRF8JNP026M5F9ZU6EEQAR,t00:U0er6,A1M8I#####7NRQ
184,3WYGZ5XF30LSU0BSW3T1T7CFRWQKSY,3QHITW7OZRF8JNP026M5F9ZU6EEQAR,t00:92E6V,A1IZX#####APAQ
185,3H7Z272LXBD61EDIPM18D2KJTCNPLP,3QHITW7OZRF8JNP026M5F9ZU6EEQAR,t00:PhOZM,AFK9A#####PNG
186,33CID57108ZZUP8VRO410ZHIOGW3LS,3QHITW7OZRF8JNP026M5F9ZU6EEQAR,t00:F493g,A9VK6#####NVB
187,3E13VNJ1NR11ULMAJHT5KQAT9SOI11,3QHITW7OZRF8JNP026M5F9ZU6EEQAR,t00:radQL,A1SJR#####SDH4
188,31JLPPHS2Y070ABS4GKTSGLCJL13O9,3QHITW7OZRF8JNP026M5F9ZU6EEQAR,t00:QzWRw,A3GMR#####QVGV
189,39RP059MELZO32UT6TKMIVUJCD0MB5,3QHITW7OZRF8JNP026M5F9ZU6EEQAR,t00:OIiSD,A296K#####DYIX
190,3F6KKYWMNF7N0HDDWQQSQ07JKOLDN2,3QHITW7OZRF8JNP026M5F9ZU6EEQAR,t00:TysDa,A3AY0#####WNXY
191,3PPTZCWALUQB6FV14076LMLRDHHZQ9,3QHITW7OZRF8JNP026M5F9ZU6EEQAR,t00:ZDCLH,A2ZQC#####JZF
192,3YMTUJH0DWM8VYZ40BBBWVJ5WTET46,3QHITW7OZRF8JNP026M5F9ZU6EEQAR,t00:XSzls,A3MW1#####MMGE
193,3Z2R0DQ0JLKW312K623S4UM695WE26,3QHITW7OZRF8JNP026M5F9ZU6EEQAR,t00:ZvqOX,AZGF8#####X6K
194,3LO69W1SU7J0O1KJM3BLJT6RSL3LGK,3QHITW7OZRF8JNP026M5F9ZU6EEQAR,t00:GuwPM,AAXX5#####2F8
195,36W0OB37H0KYTMWYLAKCC8TQMUMHZW,3QHITW7OZRF8JNP026M5F9ZU6EEQAR,t00:qB1OY,A2XU5#####XT9J
196,3QBD8R3Z25PSI6UW4UPC2LDIXL14OZ,3QHITW7OZRF8JNP026M5F9ZU6EEQAR,t00:DCe8Z,A1X8G#####6KMK
197,3PJUZCGDJAMQUKDSE8W7M7YY4CO98I,36FFXPMSUCUK8YKYTZ4T7QRY494HO5,dropped,A22TV#####O7T8
198,3ZV9H2YQQHDF5JKUV2B39AYYMRH3WA,36FFXPMSUCUK8YKYTZ4T7QRY494HO5,dropped,A2B63#####CC7U
199,386PBUZZXJ3AF3AKU9WOG6Y7KHZLJB,36FFXPMSUCUK8YKYTZ4T7QRY494HO5,t00:EUvWI,A2VFE#####1E1O
200,35DR22AR5HQUUJPK577PBTC5VTNX3X,36FFXPMSUCUK8YKYTZ4T7QRY494HO5,t00:wL1iB,A1A1Z#####4YR8
201,3ZV9H2YQQHDF5JKUV2B39AYYMRH3WA,36FFXPMSUCUK8YKYTZ4T7QRY494HO5,t00:ZMuFj,AQOXS#####TSW
202,3L70J4KAZKSGGYJONMLN4UNJLL5DA9,36FFXPMSUCUK8YKYTZ4T7QRY494HO5,t00:3yJNW,A1X2J#####05TD
203,3VAR3R6G1T7T17HYGXFPJXTNZBAO8B,36FFXPMSUCUK8YKYTZ4T7QRY494HO5,t00:ZpODK,A3H07#####BYOM
204,3IFS6Q0HJMP1O5L4W08PGRX2ZWKISC,36FFXPMSUCUK8YKYTZ4T7QRY494HO5,dropped,AETJ6#####61I
205,3IFS6Q0HJMP1O5L4W08PGRX2ZWKISC,36FFXPMSUCUK8YKYTZ4T7QRY494HO5,t00:u1cBi,A2IGP#####FV3D
206,33SA9F9TR10IFH0RKMSZS12VDGAWEX,36FFXPMSUCUK8YKYTZ4T7QRY494HO5,t00:Jeico,A2FAR#####4AU8
207,3RUIQRXJBFUGATYKXU81WLBZO64LLD,36FFXPMSUCUK8YKYTZ4T7QRY494HO5,t00:woVTg,A3U6I#####FZ2M
208,3Q5C1WP23Q7PIXRVCXABVH6O4A0514,36FFXPMSUCUK8YKYTZ4T7QRY494HO5,t00:BHCvU,A1601#####AQOI
209,3TDXMTX3CF0W17N7PN5MFM1AH7L6IC,36FFXPMSUCUK8YKYTZ4T7QRY494HO5,t00:5f5yG,A3DHA#####SE9V
210,339ANSOTR9830M8WRRZNP56SI27KIX,36FFXPMSUCUK8YKYTZ4T7QRY494HO5,t00:a1Eqb,A3FOK#####I4FR
211,379J5II41SM24NOSG8LXJQLFF93ELJ,36FFXPMSUCUK8YKYTZ4T7QRY494HO5,t00:TDaxX,A1UGF#####TKA0
212,3IUZPWIU1SDL1HS1G832QWF0XD5KW4,36FFXPMSUCUK8YKYTZ4T7QRY494HO5,dropped,A3B9F#####TREE
213,3QFUFYSY92LYCTH35R6MFR445OUF4G,36FFXPMSUCUK8YKYTZ4T7QRY494HO5,t00:pLQMU,A2EZN#####RTNR
214,3RSDURM96ESM4MVRZNANDYNBOO9YEX,36FFXPMSUCUK8YKYTZ4T7QRY494HO5,t00:qwf2V,A1VVE#####SHX0
215,3W2LOLRXLFLGTLBFHETW3X7J5YUKR5,36FFXPMSUCUK8YKYTZ4T7QRY494HO5,t00:Vkj9g,A18AP#####IFW1
216,3N4BPTXIOCY89D3WL8O188U3CX1KUC,36FFXPMSUCUK8YKYTZ4T7QRY494HO5,t00:GxlWT,ARI1E#####9PO
217,3GU1KF0O4M7UO5R6Y9CEZZOEHMWBPJ,36FFXPMSUCUK8YKYTZ4T7QRY494HO5,t00:zBgAZ,ANFWG#####RZ
218,33F859I56AJ2BOTIFW49QQMNVVRHBP,36FFXPMSUCUK8YKYTZ4T7QRY494HO5,dropped,A3E6H#####ZCV6
219,3BEFOD78WAZ4I39KREAZAHOD2PAM4Y,36FFXPMSUCUK8YKYTZ4T7QRY494HO5,t00:2jA9J,A2UUZ#####UTFX
220,3LOZAJ85YHJ591T117TKSJ7DPFT2XX,36FFXPMSUCUK8YKYTZ4T7QRY494HO5,t00:PK8TA,A3U21#####NGT2
221,3TESA3PJ35GKMTYQXIAVWB5DOGWMMU,36FFXPMSUCUK8YKYTZ4T7QRY494HO5,t00:Z1h42,A1HH3#####P6KP
222,3Z7VU45IP2NNPBBKJLHRKLDJ59K1ZJ,36FFXPMSUCUK8YKYTZ4T7QRY494HO5,t00:27SdE,ASTY1#####RSV
223,manual,3NCN4N1H2JNSZ0H0SSUK6QOVJL0NBK,,A28JA#####GGAZ
224,manual,33KGGVH25XNWYWDCS1O4YG2KZNQX12,,A2DN5#####049T
225,manual,33KGGVH25XNWYWDCS1O4YG2KZNQX12,,A2D32#####IRH
226,manual,3QHITW7OZRF8JNP026M5F9ZU6EEQAR,,A15QY#####I9AU
227,manual,3QHITW7OZRF8JNP026M5F9ZU6EEQAR,,A2DFG#####VQ75
228,manual,3QHITW7OZRF8JNP026M5F9ZU6EEQAR,,A100W#####OZ5O
229,manual,33KGGVH25XNWYWDCS1O4YG2KZNQX12,,A29SM#####K9NU
230,manual,3OB6JN3AATX16PNNFLREA8HEORKMRJ,,A2APG#####6G2K
231,manual,33KGGVH25XNWYWDCS1O4YG2KZNQX12,,A2CWJ#####44HU
232,manual,33KGGVH25XNWYWDCS1O4YG2KZNQX12,,AOOLS#####L0Z
233,manual,3QHITW7OZRF8JNP026M5F9ZU6EEQAR,,A140Y#####CPOF
234,manual,3QHITW7OZRF8JNP026M5F9ZU6EEQAR,,A1TQB#####1A0T
235,manual,3QHITW7OZRF8JNP026M5F9ZU6EEQAR,,AHUO0#####J8H
236,manual,36FFXPMSUCUK8YKYTZ4T7QRY494HO5,,A2GA2#####W2W
237,38YMOXR4MY5E227CE491GDAIZDXW6G,34HEO7RUH908VO40FLB5KZ9Z2IARAN,t10:jsd0H,A2W3A#####J861
238,33PPO7FECZLVMG2MZAD0LSB21OTDIP,34HEO7RUH908VO40FLB5KZ9Z2IARAN,t10:ciNaz,A1TSV#####NTR4
239,3GNA64GUZIADZ1BCXC0QWIEWFHDQ5Y,34HEO7RUH908VO40FLB5KZ9Z2IARAN,t10:rBkBU,AT6LD#####USE
240,3BV8HQ2ZZ07HVP49DZD9YODR7V5A6W,34HEO7RUH908VO40FLB5KZ9Z2IARAN,t10:hF2WV,A3C0N#####FTZQ
241,3B3WTRP3DF8F85B3YRN6CGLVL8B29I,34HEO7RUH908VO40FLB5KZ9Z2IARAN,t10:WXU09,A26LO#####ZZCO
242,3BDCF01OG100AS5JG9XRQTDV0OLLYR,34HEO7RUH908VO40FLB5KZ9Z2IARAN,t10:y8gsN,A2JDY#####M5UN
243,3NS0A6KXC8EKTQ1N142UR8HPA13GZ7,34HEO7RUH908VO40FLB5KZ9Z2IARAN,t10:pvDcR,AEWT7#####L5V
244,3CTOC39K3BWB0ILIQFVEX1G6S1K7JP,3M4KL7H8LYTJFHTGREFEY3P023061U,t10:A3nlF,A1N16#####QEY6
245,3PPTZCWALUQB6FV14076LMLRGPPZQ0,3M4KL7H8LYTJFHTGREFEY3P023061U,dropped,AJRY9#####69Y
246,3CFJTT4SXXWF571C8XAEL016FMV7ID,3M4KL7H8LYTJFHTGREFEY3P023061U,t10:qvn9j,A3UQ9#####VQKR
247,3PPTZCWALUQB6FV14076LMLRGPPZQ0,3M4KL7H8LYTJFHTGREFEY3P023061U,t10:lM8Ct,A1XE5#####O5HH
248,3CPLWGV3MS5BXR0WKALQ44OTWBE9N8,3M4KL7H8LYTJFHTGREFEY3P023061U,t10:5Ep1h,A200R#####4AJ8
249,33LKR6A5KIQR3Z2LDTS9YXC2NHF1TV,3M4KL7H8LYTJFHTGREFEY3P023061U,t10:WCaNM,A3UEE#####25TS
250,3AMYWKA6YFS6XTYANIIRZJXWWKEO6U,3M4KL7H8LYTJFHTGREFEY3P023061U,t10:UFCev,A2UP4#####92NV
251,3LEIZ60CDN55EGEFNYWKZRV26V8Z9D,3M4KL7H8LYTJFHTGREFEY3P023061U,dropped,A2RVD#####ZF9P
252,3LEIZ60CDN55EGEFNYWKZRV26V8Z9D,3M4KL7H8LYTJFHTGREFEY3P023061U,t10:49WBV,A11C2#####G6JK
253,31Z0PCVWUOL5ELHN299IZ73FQAAT7T,3M4KL7H8LYTJFHTGREFEY3P023061U,t10:7QvHU,A3KQT#####8T1Z
254,3CPLWGV3MS5BXR0WKALQ44OTXK2N9T,3ICOHX7EOFHNL71D1DUCWMY3EAAE0E,t10:8eK9n,ACRBW#####8F5
255,31IBVUNM9W5X660IPN79OH4HMLZVFA,3ICOHX7EOFHNL71D1DUCWMY3EAAE0E,t10:PVtY2,ALVDN#####YTS
256,37M28K1J0UJTJKJGXI7Y7SIWUIHJA2,3ICOHX7EOFHNL71D1DUCWMY3EAAE0E,t10:l8r0v,A4SC8#####GEG
257,32KTQ2V7RHL5F9FW896QRPZTSUUM9U,3ICOHX7EOFHNL71D1DUCWMY3EAAE0E,dropped,A3TPW#####DUFI
258,3LWJHTCVCGS51Y413ODZIU595TNFQ3,3ICOHX7EOFHNL71D1DUCWMY3EAAE0E,t10:bYCJ8,A1OZN#####LC9V
259,378XPAWRUGJXO9ZAF0MYVR3WH3UIAR,3ICOHX7EOFHNL71D1DUCWMY3EAAE0E,t10:wzxrQ,A1C7X#####D8JE
260,3U5NZHP4LV84FIUSY1MALARCGCFPHL,3ICOHX7EOFHNL71D1DUCWMY3EAAE0E,dropped,A1MPL#####0FSR
261,3P4MQ7TPP1ISKBQWF4UD4FJP4VRBB2,3ICOHX7EOFHNL71D1DUCWMY3EAAE0E,dropped,A2PU5#####FQQS
262,3CP1TO84PX7W7I9RV1AP00GT0TV52W,3ICOHX7EOFHNL71D1DUCWMY3EAAE0E,t10:16nkB,A3U30#####P0J6
263,3LPW2N6LKX85RUITELKV6JBLJKH5UH,3ICOHX7EOFHNL71D1DUCWMY3EAAE0E,dropped,A2JSI#####DC7T
264,3FQ5JJ512PUVENJNO7CFUD298EEKNK,3ICOHX7EOFHNL71D1DUCWMY3EAAE0E,t10:qcIOh,A19ZA#####0BKI
265,3EFVCAY5L7FF0WQ10KNKB1C14UK8JQ,3ICOHX7EOFHNL71D1DUCWMY3EAAE0E,t10:IMmdR,AFIK3#####6G6
266,3FDJT1UU78EROYDHK7GT0W2NHTE5KF,3ICOHX7EOFHNL71D1DUCWMY3EAAE0E,dropped,AORMY#####8U6
267,3OVHNO1VEA7HH6RWZE1MLNESYJUDZM,3ICOHX7EOFHNL71D1DUCWMY3EAAE0E,t10:NePaP,A2U3H#####QNPE
268,3Q8GYXHFET89501TSUZVCDPFCKCC5G,3ICOHX7EOFHNL71D1DUCWMY3EAAE0E,t10:cm1GG,A3UN1#####KKE6
269,3HPZF4IVNQZ77OBD3W4SNAN87PDYCF,3ICOHX7EOFHNL71D1DUCWMY3EAAE0E,dropped,A2ZE2#####BAIC
270,3C5W7UE9CJWVG5XUBPC47SLBZYSMXM,3ICOHX7EOFHNL71D1DUCWMY3EAAE0E,t10:sDUzK,AUZPU#####TX5
271,3C2NJ6JBKEN0X7FXZ16BUHGFRF9N2K,3ICOHX7EOFHNL71D1DUCWMY3EAAE0E,dropped,A2UQ9#####D5SF
272,3TAYZSBPLPEXDK727XNXTBQLEERS2B,3ICOHX7EOFHNL71D1DUCWMY3EAAE0E,dropped,A34QY#####6WOB
273,3VP0C6EFSK2IXQDYA23E7F8R2UFM6E,3ICOHX7EOFHNL71D1DUCWMY3EAAE0E,t10:GmYDa,A1AEN#####Y9NJ
274,3ZWFC4W1UYD5DZJ1G32ZNKFE1GORFH,3ICOHX7EOFHNL71D1DUCWMY3EAAE0E,t10:b9Uyp,A2KBT#####J7X4
275,3AAJC4I4FKYUKSRO9ANXOL9534QJZ7,3ICOHX7EOFHNL71D1DUCWMY3EAAE0E,t10:veAzd,AL2JY#####Z2H
276,3AAJC4I4FKYUKSRO9ANXOL9534QJZ7,3ICOHX7EOFHNL71D1DUCWMY3EAAE0E,t10:zdXjZ,A3C2X#####NNLV
277,3J88R45B2K4118U7354WOWF6445PXP,3ICOHX7EOFHNL71D1DUCWMY3EAAE0E,t10:1D19I,A3BXT#####C6F3
278,3Z4AIRP3CAJYKGB5I3T6N0X81O51X3,3ICOHX7EOFHNL71D1DUCWMY3EAAE0E,t10:5WZde,A39XI#####NHFU
279,3LS2AMNW5JWZ7BHU2RWP5OENXWVOQJ,3ICOHX7EOFHNL71D1DUCWMY3EAAE0E,t10:cWgsb,A3NMU#####ZCNC
280,3WMOAN2SRF39UYDZNBQMWMDQOFEVNG,3NBFJK3IPKO682PN9TMBMQFXPULGO5,dropped,A2C73#####CA51
281,3MB8LZR5BJZ5QNG2CUW0HLYK3M7LKI,3NBFJK3IPKO682PN9TMBMQFXPULGO5,t10:fpbnf,A2GG7#####IXUR
282,3NXNZ5RS1E3MU68943418723X8Q973,3NBFJK3IPKO682PN9TMBMQFXPULGO5,t10:cCMrJ,A26NG#####ATVN
283,3MHW492WW4J3CGSZBABMJ7OQJP4VMG,3NBFJK3IPKO682PN9TMBMQFXPULGO5,t10:A2ax7,A270H#####LJ8W
284,3NAPMVF0Z0LBUMNAJUPMYKUPR2H275,3NBFJK3IPKO682PN9TMBMQFXPULGO5,t10:0xYGc,A36DK#####J942
285,3QRYMNZ7F2NUH69AIGQ7V4P5RUYNTS,3NBFJK3IPKO682PN9TMBMQFXPULGO5,t10:B98XG,A2WVC#####YGML
286,3UXUOQ9OKI30ZPIEW9I142DN3QAA7L,3NBFJK3IPKO682PN9TMBMQFXPULGO5,t10:Ax5ED,A219Y#####4TM2
287,3DEL4X4ELARVAMM8US0F1N8I8ARXYC,3NBFJK3IPKO682PN9TMBMQFXPULGO5,t10:8Heit,AOWW3#####J6U
288,3634BBTX0S0SK0GIQG8Q9SENEMZIF2,3NBFJK3IPKO682PN9TMBMQFXPULGO5,dropped,A1TFX#####WVF7
289,3WMOAN2SRF39UYDZNBQMWMDQOFEVNG,3NBFJK3IPKO682PN9TMBMQFXPULGO5,t10:DcgZO,A3I0I#####KFFZ
290,3BWI6RSP7KF3P2ZQCEKN0L3EO5B7EG,3NBFJK3IPKO682PN9TMBMQFXPULGO5,t10:SjTaA,A2CJY#####7HN6
291,3570Y55XZTPKO0RI5I0BD18N5KXYGN,3NBFJK3IPKO682PN9TMBMQFXPULGO5,t10:TVuy5,A3M8U#####JPDF
292,3ZOTGHDK5MHBKRW7UVLU0OTOFLROSL,3NBFJK3IPKO682PN9TMBMQFXPULGO5,t10:YzpgL,AMARS#####3TG
293,31EUONYN2Z9RCJDBOQQZBBDVEPJVOV,3NBFJK3IPKO682PN9TMBMQFXPULGO5,t10:8qwJB,A3JLE#####17E2
294,3TEM0PF1Q93KFLL6VKOUFOB6GF4D0T,3NBFJK3IPKO682PN9TMBMQFXPULGO5,t10:ubI4O,A3UDU#####D833
295,3M68NM076LD9U6QQFAZVTE218JG6RS,3NBFJK3IPKO682PN9TMBMQFXPULGO5,dropped,A35HG#####WGMI
296,3QAPZX2QN8JXCBNQYV4DJ5K2JOF209,3NBFJK3IPKO682PN9TMBMQFXPULGO5,t10:L67RY,A2F2D#####U4AK
297,3HSYG7LRBN4U6HYKRUKZ2LL5EM6KKI,3NBFJK3IPKO682PN9TMBMQFXPULGO5,t10:nptjd,A2SO6#####GBB7
298,34BBWHLWHEHUVM2DG5IQDG0N9PMIWX,3NBFJK3IPKO682PN9TMBMQFXPULGO5,t10:EWYxY,AWH9P#####UCX
299,35DR22AR5HQUUJPK577PBTC5Z9X3XD,3NBFJK3IPKO682PN9TMBMQFXPULGO5,t10:T0sI7,AEF74#####EIA
300,386CSBG1O3S9I5BQ2VAVOOSWCXE6QR,3NBFJK3IPKO682PN9TMBMQFXPULGO5,t10:E3EXB,A1VL7#####NPX0
301,3TU5ZICBRH7WMJUEVA7T82ONIS4Q8X,3NBFJK3IPKO682PN9TMBMQFXPULGO5,t10:U9K0B,A1D9Z#####6SAF
302,3R8YZBNQ9LOSM5PVL5FNU2SS78YQ7A,3NBFJK3IPKO682PN9TMBMQFXPULGO5,t10:9KjXc,A2Y2A#####U47Q
303,3YWRV122CW5OEC1VCJRYI3LCLDAU86,3NBFJK3IPKO682PN9TMBMQFXPULGO5,t10:4GSgc,A16SA#####96G4
304,3UJ1CZ6IZLVPCHQPPGPVRITXYQOS5M,3NBFJK3IPKO682PN9TMBMQFXPULGO5,t10:MId7S,A28AX#####PH1F
305,3HQUKB7LNJKC21W4FOE5C1PLUOYHH7,3NBFJK3IPKO682PN9TMBMQFXPULGO5,t10:i0P1i,A2INX#####M92F
306,3WAKVUDHU0MKEYWC2EZS43PHAT4U7J,3NBFJK3IPKO682PN9TMBMQFXPULGO5,t10:CMenl,A3SXE#####XBMM
307,37FMASSAYGX27J42LEMUQ2N2ZODIBQ,3NBFJK3IPKO682PN9TMBMQFXPULGO5,t10:G2OBt,A3OA4#####JOZ7
308,3YJ6NA41JFM06OPIM1PVXN7RT7HPJU,3NBFJK3IPKO682PN9TMBMQFXPULGO5,t10:jDK2k,A152N#####ZBUI
309,3H7Z272LXBD61EDIPM18D2KJXWMPLW,3NBFJK3IPKO682PN9TMBMQFXPULGO5,dropped,A2RYP#####X4A6
310,3PPTZCWALUQB6FV14076LMLRH1GZQG,3NBFJK3IPKO682PN9TMBMQFXPULGO5,dropped,A3CRD#####4JB5
311,3X87C8JFVAHE539N98DYPTOOUMESQ2,3NBFJK3IPKO682PN9TMBMQFXPULGO5,dropped,A22Y0#####GXDF
312,3K5TEWLKGZHHGX28QVDUREH92GKIVN,3NBFJK3IPKO682PN9TMBMQFXPULGO5,t10:9ABpL,A1NYI#####BOTP
313,3M23Y66PO6DLVLQ3UZZ0JO7XULZ6SG,3NBFJK3IPKO682PN9TMBMQFXPULGO5,t10:ZCdWc,A2FLO#####A4ZS
314,3018Q3ZVOMWAH82T5NG79J4N42BRA8,3NBFJK3IPKO682PN9TMBMQFXPULGO5,t10:jkOgR,AV8T3#####PPS
315,3BGYGHDBB1Q48LQ4DI8R2TDHGM322X,3NBFJK3IPKO682PN9TMBMQFXPULGO5,t10:Hpe9P,ATP43#####P0C
316,38F5OAUN5RIF9CQS2FSTLO0RGL87H1,3NBFJK3IPKO682PN9TMBMQFXPULGO5,t10:vy6mb,A3D8W#####SOH
317,3R6P78PK7OHO7ESOVCDC5KG8QIGTGU,3NBFJK3IPKO682PN9TMBMQFXPULGO5,t10:FlgUH,A3NMQ#####6YE0
318,3N8OEVH1FVWWMZ4ENE4LGJJNIWYOOY,3NBFJK3IPKO682PN9TMBMQFXPULGO5,t10:Zy5Iq,A3CWE#####V7TL
319,3YMU66OBIREY251TVIWNR1DKFOTGHF,3NBFJK3IPKO682PN9TMBMQFXPULGO5,t10:LVspP,ADKYB#####815
320,3BWI6RSP7KF3P2ZQCEKN0L3EO5I7EN,3NBFJK3IPKO682PN9TMBMQFXPULGO5,t10:PgRjj,A36O6#####XLJR
321,3MMN5BL1W3AJ07QGR05G0CW7S5NM3M,3NBFJK3IPKO682PN9TMBMQFXPULGO5,t10:EsX5a,AAAHL#####A2U
322,3BF51CHDTZG1R1Q8HG7K69Q487SH01,3NBFJK3IPKO682PN9TMBMQFXPULGO5,t10:6RTgd,A3NM3#####EI3J
323,3V0Z7YWSI26D5CO61SS24YASDK12VA,3NBFJK3IPKO682PN9TMBMQFXPULGO5,t10:7jKIb,A28VE#####E3B8
324,3ZR9AIQJUFF7FP2D29N1CKH032K04C,3NBFJK3IPKO682PN9TMBMQFXPULGO5,t10:2YRqN,A2CHD#####3P3E
325,3TPWUS5F8D73IJGDOVM42D2SWKCWCJ,3NBFJK3IPKO682PN9TMBMQFXPULGO5,dropped,AZ172#####6A
326,33CID57108ZZUP8VRO410ZHIS0ZL3L,3NBFJK3IPKO682PN9TMBMQFXPULGO5,t10:hMb6s,A37XJ#####ZYC
327,34Q075JO11JQNQ5UFR4ZEMAXRJD014,3NBFJK3IPKO682PN9TMBMQFXPULGO5,dropped,A1AKR#####I8IM
328,3TE3O85734ELC57PS8NS31LPSFQR2A,3NBFJK3IPKO682PN9TMBMQFXPULGO5,t10:pGawn,ATYVQ#####Y2G
329,3VSOLARPKFF4TN7M2R1BVQQNS7L93H,3NBFJK3IPKO682PN9TMBMQFXPULGO5,dropped,A382P#####SBF8
330,3HYA4D452VPO9F2G1DNYMC76PQBF2X,3NBFJK3IPKO682PN9TMBMQFXPULGO5,dropped,A38NY#####RZQV
331,3GM6G9ZBKR3OZOOA6FB7IP05M42MT5,3NBFJK3IPKO682PN9TMBMQFXPULGO5,t10:045S6,A2J6Q#####TRVM
332,33CKWXB73NQQUFQCBA8ZSRT7WBJ118,3NBFJK3IPKO682PN9TMBMQFXPULGO5,dropped,A2OC4#####522W
333,3A7Y0R2P2SU5FXR98SZCR0TUV6VXJV,3NBFJK3IPKO682PN9TMBMQFXPULGO5,t10:wzm8G,A36FB#####N139
334,3PEIJLRY6XZRLHR8FRIRGQN2X36WXT,3NBFJK3IPKO682PN9TMBMQFXPULGO5,t10:kVShJ,A28MD#####QHMS
335,3TPWUS5F8D73IJGDOVM42D2SWKCWCJ,3NBFJK3IPKO682PN9TMBMQFXPULGO5,t10:SvzNS,A1IXV#####DXTG
336,3TVSS0C0E56K40IOAHHURN2WK7IWTA,3NBFJK3IPKO682PN9TMBMQFXPULGO5,t10:91ywj,A2RLY#####6ETD
337,3WETL7AQWXELS05AZ1OUJALL6B235K,3NBFJK3IPKO682PN9TMBMQFXPULGO5,t10:G1I58,A34V3#####3BMF
338,32SVAV9L3JFIY6HRUXFBRL17YP33AQ,3NBFJK3IPKO682PN9TMBMQFXPULGO5,t10:4pqrF,AGY4F#####H9G
339,3XXU1SWE8Q1MHEIUBAXSPN30VCEA0V,3NBFJK3IPKO682PN9TMBMQFXPULGO5,t10:P55p2,A1X44#####IQ78
340,3BV8HQ2ZZ07HVP49DZD9YODR8G56AZ,3NBFJK3IPKO682PN9TMBMQFXPULGO5,t10:pbI5B,AXTFS#####LO5
341,3Z7VU45IP2NNPBBKJLHRKLDJ9QW1ZX,3NBFJK3IPKO682PN9TMBMQFXPULGO5,t10:pFvBs,AH4S2#####26G
342,3HYA4D452VPO9F2G1DNYMC76PQBF2X,3NBFJK3IPKO682PN9TMBMQFXPULGO5,t10:0hcTR,A2NML#####WFN2
343,3QXNC7EIPM18CV8PJ4JSTSSGPV190M,3NBFJK3IPKO682PN9TMBMQFXPULGO5,t10:0Vo7Q,A3CPQ#####J09F
344,3OXV7EAXLIWHB45O4KYZBGZL26D360,3NBFJK3IPKO682PN9TMBMQFXPULGO5,t10:q2qeA,A3T1A#####ZZXY
345,3X0H8UUIT5UJP059LHC4HI6AIO4WSL,3NBFJK3IPKO682PN9TMBMQFXPULGO5,t10:dtYx0,A13Y9#####5X5P
346,30LB5CDZNGGNIMQ2N2DR6GU94YPZ0R,3NBFJK3IPKO682PN9TMBMQFXPULGO5,t10:1oXoX,A1U3O#####I8JD
347,3PWWM24LHW4FU0STTZHSCKQK2N328A,3NBFJK3IPKO682PN9TMBMQFXPULGO5,t10:aKZvr,A3AHC#####3Q23
348,34V1S5K3GW73Q6U4LTZ92T272YN96N,3NBFJK3IPKO682PN9TMBMQFXPULGO5,t10:TeuKm,A1Y9V#####LS5K
349,3L70J4KAZKSGGYJONMLN4UNJP2TADW,3NBFJK3IPKO682PN9TMBMQFXPULGO5,t10:S8bZ0,AXO22#####NVT
350,3OVHNO1VEA7HH6RWZE1MLNESYN0ZDM,3NBFJK3IPKO682PN9TMBMQFXPULGO5,t10:xvPa6,A2QCQ#####1QNL
351,3CFVK00FWPRYR8VDAQ2Z72T22RQ6L1,3NBFJK3IPKO682PN9TMBMQFXPULGO5,t10:RskiX,A3POD#####0DIW
352,3QUO65DNQYURZ4OBJ0GUFPBC0JTOUK,3NBFJK3IPKO682PN9TMBMQFXPULGO5,t10:4fW0T,A1GKD#####NHRP
353,3KMS4QQVK6WJQV66QJT2M8T06R5FKT,3NBFJK3IPKO682PN9TMBMQFXPULGO5,t10:rqKaw,A3DQL#####PEL8
354,3PQ8K71NH1QIIRGC3CULETFD4YRAAN,3NBFJK3IPKO682PN9TMBMQFXPULGO5,t10:xiDvA,A1KHR#####TDF6
355,34S6N1K2ZZPEOXFU69T34TISB6OHLX,3NBFJK3IPKO682PN9TMBMQFXPULGO5,dropped,A10AV#####2NN5
356,3JC6VJ2SAFPLCL4V8G346IZRCLY5AM,3NBFJK3IPKO682PN9TMBMQFXPULGO5,dropped,A1Z0V#####9PBW
357,3BEFOD78WAZ4I39KREAZAHOD65C4MI,3NBFJK3IPKO682PN9TMBMQFXPULGO5,t10:N1C3I,A23K7#####PV0D
358,3NLZY2D53TVR1QEXPZGXD7AT2TKLQX,3NBFJK3IPKO682PN9TMBMQFXPULGO5,t10:3nQqR,A6A9J#####9ZQ
359,308XBLVESMAF0I7LB1G34UOTML7BR0,3NBFJK3IPKO682PN9TMBMQFXPULGO5,t10:OJYCY,A8KX1#####E2Q
360,338JKRMM2A5XSEOQ9I4DVF2HHUPHAF,3NBFJK3IPKO682PN9TMBMQFXPULGO5,t10:LSePb,A2FCQ#####PYHS
361,379J5II41SM24NOSG8LXJQLFJQWLEL,3NBFJK3IPKO682PN9TMBMQFXPULGO5,t10:A57iQ,A2WGW#####BDEC
362,32Q90QCQ1WRRKH6AV89W4Q80UQQKEG,3NBFJK3IPKO682PN9TMBMQFXPULGO5,t10:xgm9l,A1LE6#####JNIT
363,3GLB5JMZF11HQPWR9MDX0GYMNX9GDH,3NBFJK3IPKO682PN9TMBMQFXPULGO5,t10:Ja0Fa,A1AN6#####U3AT
364,3R08VXYT7G1X62LHXEETMRAEVAW7WE,3NBFJK3IPKO682PN9TMBMQFXPULGO5,t10:fgZNp,A2XC9#####6PLH
365,3WMINLGALF96B6DANQQCKO5142KCA1,3NBFJK3IPKO682PN9TMBMQFXPULGO5,t10:9jmm9,A2VED#####2Q9Q
366,3HYA4D452VPO9F2G1DNYMC76PRKF28,3NBFJK3IPKO682PN9TMBMQFXPULGO5,t10:D5J6B,AN45K#####3NY
367,3TDXMTX3CF0W17N7PN5MFM1ALOF6I8,3NBFJK3IPKO682PN9TMBMQFXPULGO5,t10:kQ0mL,A3VTO#####TBRR
368,3PWWM24LHW4FU0STTZHSCKQK2N782K,3NBFJK3IPKO682PN9TMBMQFXPULGO5,t10:VMIz0,A1ZK0#####6UPY
369,3WYP994K1BXIR72CT5RP1AVYB7E6YF,3NBFJK3IPKO682PN9TMBMQFXPULGO5,t10:6Zhzd,A1T25#####X648
370,39RP059MELZO32UT6TKMIVUJGYBBMF,3NBFJK3IPKO682PN9TMBMQFXPULGO5,t10:3Imhb,A20NI#####4775
371,35USIKEBNVMOF8YYM3IEKUXR7NEN6A,3NBFJK3IPKO682PN9TMBMQFXPULGO5,t10:L1yEy,A1YNB#####FUVW
372,31QNSG6A5VZMG1PZZBYN8B7SD3487B,3NBFJK3IPKO682PN9TMBMQFXPULGO5,dropped,A1JSL#####PF92
373,3LQ8PUHQFPYCYW7OL6WQCDQ0U25IHV,3NBFJK3IPKO682PN9TMBMQFXPULGO5,t10:Piyf6,ADKSM#####0PA
374,3FPRZHYEP2D2QUKP5S67N8FKJZJ3V6,3NBFJK3IPKO682PN9TMBMQFXPULGO5,t10:j78U4,A23QI#####SA0I
375,3NXNZ5RS1E3MU68943418723X9I97X,3NBFJK3IPKO682PN9TMBMQFXPULGO5,t10:tQhzV,A1842#####Z590
376,32N49TQG3KO2AFJAE7LHAGTQP9BAV9,3NBFJK3IPKO682PN9TMBMQFXPULGO5,t10:ygkZz,A3PV3#####D2RU
377,32AT8R96GPF6XWG4QHX3ZULDX89SUY,3NBFJK3IPKO682PN9TMBMQFXPULGO5,t10:FXuor,A3OPX#####37M8
378,3OCHAWUVGSQ0QHXRQDZOSFT7AWDXKE,3NBFJK3IPKO682PN9TMBMQFXPULGO5,dropped,A3SD0#####8EUL
379,3UJ1CZ6IZLVPCHQPPGPVRITXYRH5SU,3NBFJK3IPKO682PN9TMBMQFXPULGO5,t10:P9KD2,A3SSE#####7NI7
380,3JNQLM5FT8SA97CCNOQWHPCQMNI2LC,3NBFJK3IPKO682PN9TMBMQFXPULGO5,t10:WBLrC,A1JDE#####1E33
381,3RYC5T2D77ZH4C8VU6Y4ZETI3PZRPE,3NBFJK3IPKO682PN9TMBMQFXPULGO5,t10:fNcsr,A2NHW#####YVH0
382,3FDJT1UU78EROYDHK7GT0W2NHX5K5T,3NBFJK3IPKO682PN9TMBMQFXPULGO5,t10:TLpwL,A3W1M#####YIZI
383,3EICBYG6482HCZGEHW3PDN8KUOYJC6,3NBFJK3IPKO682PN9TMBMQFXPULGO5,t10:0HFeR,AZ8JL#####Y4U
384,39O5D9O87XY6RLEPEBB2XGRVYYRC3G,3NBFJK3IPKO682PN9TMBMQFXPULGO5,dropped,A7GUG#####0B0
385,3NS0A6KXC8EKTQ1N142UR8HPBLIGZR,3NBFJK3IPKO682PN9TMBMQFXPULGO5,t10:rAYm1,A3QSJ#####0N6V
386,34Z02EIMIWJRWAH3HAO9KSTSJ880TT,3NBFJK3IPKO682PN9TMBMQFXPULGO5,t10:6Bb2q,A2BBD#####77AU
387,3Y9N9SS8L2HGWDK3E76DHM9DJY4D3I,3NBFJK3IPKO682PN9TMBMQFXPULGO5,dropped,A2JI8#####S59Y
388,3WLEIWSYHSN8NBTMW3BYPXJJ5CWH2J,3NBFJK3IPKO682PN9TMBMQFXPULGO5,t10:1nZgh,A2Z7S#####5OOI
389,36TFCYNS48G9ORWJKSWRFNDFILXHXU,3NBFJK3IPKO682PN9TMBMQFXPULGO5,t10:rUieC,AJ7MW#####3E4
390,3MYYFCXHJ7D4QTDYGBC4XC4GAQH4G5,3NBFJK3IPKO682PN9TMBMQFXPULGO5,t10:8KN0d,A3PIJ#####KNPH
391,3EFVCAY5L7FF0WQ10KNKB1C144UJ8V,3NBFJK3IPKO682PN9TMBMQFXPULGO5,t10:0O4Bq,AOS2P#####YTL
392,37FMASSAYGX27J42LEMUQ2N2ZVQBIA,3NBFJK3IPKO682PN9TMBMQFXPULGO5,t10:9O8XM,A5X1K#####REK
393,3RRCEFRB7QI8ZC5N0PKQW1DJUDN4BM,3NBFJK3IPKO682PN9TMBMQFXPULGO5,dropped,A2NPK#####3QKH
394,3K2755HG5W9BCP0WY27FIVYAMOAFDU,3NBFJK3IPKO682PN9TMBMQFXPULGO5,t10:LkAsH,A2G7N#####X0EE
395,3OSWBBLG1I3SCBRHYWD1O2YHQT9DXM,3NBFJK3IPKO682PN9TMBMQFXPULGO5,t10:ldZXP,A2ZT5#####K8X9
396,3RXCAC0YIVV59U00SE2HEOKLCCG8GJ,3NBFJK3IPKO682PN9TMBMQFXPULGO5,t10:o3WqI,A2SYT#####WJO5
397,3DPNQGW4LPL2T0OS4Y3ILLRRGCH648,3NBFJK3IPKO682PN9TMBMQFXPULGO5,t10:4jbdH,AMX5R#####A2K
398,32Z9ZLUT1PQMUIIRJ19VWAMM6HVOHZ,3NBFJK3IPKO682PN9TMBMQFXPULGO5,t10:shWgQ,AU34T#####4Z4
399,3IAS3U3I0JMYWYQ0WB123MGLAZV2BS,3NBFJK3IPKO682PN9TMBMQFXPULGO5,t10:oenb4,A2SB9#####9QCP
400,3V0Z7YWSI26D5CO61SS24YASDRJ2V6,3NBFJK3IPKO682PN9TMBMQFXPULGO5,t10:FkcTl,A2B2H#####LTXU
401,3WEV0KO0OQYKGU5I4M7EPUHPBEGSD2,3NBFJK3IPKO682PN9TMBMQFXPULGO5,t10:Cz8dF,ATBIP#####KS6
402,3ZQIG0FLQIMZHSMDFCH9S5QHHYGWVK,3NBFJK3IPKO682PN9TMBMQFXPULGO5,t10:tEXNF,AURYD#####UOQ
403,3EFE17QCRGB1SAAKQIQ4GFWN369SHB,3NBFJK3IPKO682PN9TMBMQFXPULGO5,t10:1L0co,A1PHD#####IK4Q
404,3QUO65DNQYURZ4OBJ0GUFPBC0PGUOP,3NBFJK3IPKO682PN9TMBMQFXPULGO5,t10:jpkDq,A88DX#####WEN
405,36PW28KO434EH47NMEMARUJJH2BEA1,3Z33IC0JD3UESCLAZWSJ6J0XASK9VJ,t10:jXGWM,A1SIS#####2PWH
406,30X31N5D67YFRNC5N96FGBNYITQAS4,3Z33IC0JD3UESCLAZWSJ6J0XASK9VJ,t10:0QTZW,A49MD#####ABO
407,3OLQQLKKNWXPIXARGKZNKTM27PFEJR,3Z33IC0JD3UESCLAZWSJ6J0XASK9VJ,t10:T3ZMf,A3AOV#####XQ51
408,34HJIJKLP94GHQDS831TEVL5PNSV4N,3Z33IC0JD3UESCLAZWSJ6J0XASK9VJ,t10:QWezU,A3SZF#####QPW3
409,337RC3OW098J6YAEBYA7JU91JLXVLZ,3NBFJK3IPKO682PN9TMBMQFXPULGO5,t10:89iiu,ATXAV#####2I
410,3W92K5RLWYPYD9HSM8K3JNRJPJOV5T,3Z33IC0JD3UESCLAZWSJ6J0XASK9VJ,dropped,AQ3VI#####ZFO
411,3G0WWMR1UZSAYQRH49MF7HSXZDHNQR,3Z33IC0JD3UESCLAZWSJ6J0XASK9VJ,t10:uh9zF,A24LB#####PKKF
412,3QEMNNSB217R6WVPJGZ6BLZ8GJQ7DY,3Z33IC0JD3UESCLAZWSJ6J0XASK9VJ,t10:6VOiD,AEM71#####8J1
413,37FMASSAYGZVGJE1OBCX7K1HREUIB2,3IHWR4LC8GL9S1I0VXNMRYFSIKA8I0,dropped,A2J76#####RPRE
414,36PW28KO434EH47NMEMARUJJH32AEQ,3IHWR4LC8GL9S1I0VXNMRYFSIKA8I0,t10:r8671,A17TK#####VH0R
415,3LJ7UR74RLL39L4J6CF24ERS3L74NY,3IHWR4LC8GL9S1I0VXNMRYFSIKA8I0,t10:VdORi,A1YBG#####80DZ
416,3OLF68YTND96NI7JHP6G9C4JT4HAF8,3IHWR4LC8GL9S1I0VXNMRYFSIKA8I0,t10:i3N3l,A1WBG#####NJ9
417,3QUO65DNQYWK84YAMX6XW7PRS82OUM,3IHWR4LC8GL9S1I0VXNMRYFSIKA8I0,t10:8rPes,A150M#####92OT
418,3TU5ZICBRH9PVJ4DY7XWPK22AIT8QZ,3IHWR4LC8GL9S1I0VXNMRYFSIKA8I0,t10:SB3oN,A1131#####GM6R
419,3WQ3B2KGECOKGDI3G4RRFLKVACM1BW,3IHWR4LC8GL9S1I0VXNMRYFSIKA8I0,t10:yMqp9,AUR5K#####SZ9
420,36AHBNMV1VKALGRQ6PP6OYJ5KI8DYE,3IHWR4LC8GL9S1I0VXNMRYFSIKA8I0,dropped,ADDNK#####UA
421,3OB0CAO74LXRXWWSSL8WFJY3CA0HYQ,3IHWR4LC8GL9S1I0VXNMRYFSIKA8I0,t10:UAHLV,A314X#####YL12
422,3ZAK8W07I8MZ5N6RKC4M66T9U5Q0UC,3IHWR4LC8GL9S1I0VXNMRYFSIKA8I0,t10:CIaWD,A31JM#####GYEX
423,3VBEN272MO7G1EP899YPCXY1GPUGSF,3IHWR4LC8GL9S1I0VXNMRYFSIKA8I0,dropped,A3KO4#####REGU
424,3JRJSWSMQLTEXJ82DZ704M5DBTD3EQ,3IHWR4LC8GL9S1I0VXNMRYFSIKA8I0,t10:n4rVM,A3PDH#####CTT5
425,3SB5N7Y3O7CG055W07F52RSILX50G6,3IHWR4LC8GL9S1I0VXNMRYFSIKA8I0,t10:3TOyX,A4GGV#####W5C
426,3QBD8R3Z25RLR64V7RFFJ3RXTVGO41,3IHWR4LC8GL9S1I0VXNMRYFSIKA8I0,t10:OfknA,A2EEL#####L5SK
427,3OUYGIZWRB6MDIYV3Q5SW06AMOYP05,3IHWR4LC8GL9S1I0VXNMRYFSIKA8I0,t10:yb73O,A2TKH#####FAM
428,31N2WW6R9VY63X8Y8AR6M4QDNURF3J,3IHWR4LC8GL9S1I0VXNMRYFSIKA8I0,t10:5AMxv,A15XI#####7SLK
429,3VBEN272MO7G1EP899YPCXY1GPTSGQ,3IHWR4LC8GL9S1I0VXNMRYFSIKA8I0,t10:x7fcK,A3168#####DIH3
430,3DEL4X4ELATOJMW7XPQII5MX00JXYZ,3IHWR4LC8GL9S1I0VXNMRYFSIKA8I0,dropped,A3ED3#####7CT8
431,3TDXMTX3CF2PA7X6SKVPW4FPDDRI6P,3IHWR4LC8GL9S1I0VXNMRYFSIKA8I0,t10:tKvIH,A8289#####KV4
432,3EICBYG6484ALZQDKTTSU5MZMESJCV,3IHWR4LC8GL9S1I0VXNMRYFSIKA8I0,dropped,A38PV#####CCJX
433,3VELCLL3GORATUUJL6DNYBBGPAJ1FJ,3IHWR4LC8GL9S1I0VXNMRYFSIKA8I0,t10:L9ihl,A1PIG#####MGNW
434,3R5F3LQFV6S1U3SKSK55DZ46UQNOZH,3IHWR4LC8GL9S1I0VXNMRYFSIKA8I0,t10:a22Yw,A1AUB#####NZLS
435,37WLF8U1WTYGG2NUSNG19KU25HE6KM,3IHWR4LC8GL9S1I0VXNMRYFSIKA8I0,t10:ksLDR,A136K#####C3G
436,3TXMY6UCAIWR7MUQFJD1R6YL09ICQD,3IHWR4LC8GL9S1I0VXNMRYFSIKA8I0,t10:1h32O,A1F3P#####9HBN
437,3UNH76FOCWDDPAX3JIO97O6ZTW3YMK,3IHWR4LC8GL9S1I0VXNMRYFSIKA8I0,t10:A7Nso,A21Y7#####M1PR
438,3NQL1CS15VGWFXRCXAP0UKPCKPEVYX,3IHWR4LC8GL9S1I0VXNMRYFSIKA8I0,t10:gFvFd,A3VL1#####GQK7
439,3NL0RFNU0JV21FJG9ZNMCMAO9QB4K2,3IHWR4LC8GL9S1I0VXNMRYFSIKA8I0,t10:79ix9,A1VZS#####1JP0
440,3J4Q2Z4UT2B0LK0VWAD2305OSP1WQ7,3IHWR4LC8GL9S1I0VXNMRYFSIKA8I0,t10:h7U6g,AX4P2#####MQA
441,36V4Q8R5ZO84G86HS87FU23XUNPQMC,3IHWR4LC8GL9S1I0VXNMRYFSIKA8I0,dropped,A20QX#####1JTI
442,3F6HPJW4JH8JT1YAUZN17I7LCJQ2W2,3IHWR4LC8GL9S1I0VXNMRYFSIKA8I0,t10:acwId,ADQED#####7R
443,39RP059MEL1HC24S9QAPZD8Y8NNMBV,3IHWR4LC8GL9S1I0VXNMRYFSIKA8I0,t10:Q5jGp,A17NL#####Y599
444,3TVRFO09GON4JNP8EA1SOXK1RLNLX3,3IHWR4LC8GL9S1I0VXNMRYFSIKA8I0,t10:BnNwT,A28U0#####J99R
445,3QRYMNZ7F2PNQ6J9LDGACM3KJKYTNT,3IHWR4LC8GL9S1I0VXNMRYFSIKA8I0,dropped,AXOZ8#####77W
446,3FTF2T8WLVQUTLJ9F82GH5FZIPZW9N,3IHWR4LC8GL9S1I0VXNMRYFSIKA8I0,t10:C1pif,AVAJT#####XOO
447,34PGFRQONSJJZXWI1KTT6ZT2EUBWJI,3IHWR4LC8GL9S1I0VXNMRYFSIKA8I0,t10:JXeCp,A1BPQ#####7RWS
448,3FDJT1UU78GKXYNGN46WHEG29M75K9,3IHWR4LC8GL9S1I0VXNMRYFSIKA8I0,t10:rD4SZ,A3NXI#####5TXU
449,3X66WABAJ0QCHX4TJUXO4PQPO903GF,3IHWR4LC8GL9S1I0VXNMRYFSIKA8I0,t10:COCs8,A1WWE#####SVZ0
450,31JLPPHS2Y209ALR7DAW9YZRFVQO3M,3IHWR4LC8GL9S1I0VXNMRYFSIKA8I0,t10:VpkFY,A1N9Z#####R7OU
451,3TPZPLC3M4KIUAXSMDNBYY4HP0JP31,3IHWR4LC8GL9S1I0VXNMRYFSIKA8I0,t10:a7xWn,A2D5R#####4AWR
452,3V5Q80FXI1ZM23WMKFCZ2LWOEQV32W,3IHWR4LC8GL9S1I0VXNMRYFSIKA8I0,t10:YRtEX,A3HL2#####PZT8
453,3ZQIG0FLQIOSQSWCI97C9N4W9HIVW2,3IHWR4LC8GL9S1I0VXNMRYFSIKA8I0,t10:zLAz2,A3TDA#####QFE3
454,354GIDR5ZFEJP1UBM5Q2HZ52EGS00F,3IHWR4LC8GL9S1I0VXNMRYFSIKA8I0,t10:OBRo9,A2SAO#####ICGI
455,3QECW5O0KL9J0HD3HDKOI53YSZZ5TG,3IHWR4LC8GL9S1I0VXNMRYFSIKA8I0,t10:MRY8W,A2VTY#####N75V
456,3VP0C6EFSK4B6QNXDZTHOXM6UME6MW,3IHWR4LC8GL9S1I0VXNMRYFSIKA8I0,t10:H8C6N,A2QAT#####EGUS
457,3FIJLY1B6YCDAMDL68ODZ7TESQSPFE,3IHWR4LC8GL9S1I0VXNMRYFSIKA8I0,t10:z9wQM,AG491#####Q8X
458,30LB5CDZNGIGRM01QZ3UNY8OWN9Z04,3IHWR4LC8GL9S1I0VXNMRYFSIKA8I0,t10:RzUPB,A2MTG#####YFN3
459,37TRT2X24UZRBUY76TXXJLGH4TUBJI,3IHWR4LC8GL9S1I0VXNMRYFSIKA8I0,t10:YKrMC,A3HSO#####NZR4
460,3VBEN272MO7G1EP899YPCXY1GPUGSF,3IHWR4LC8GL9S1I0VXNMRYFSIKA8I0,t10:16FBl,APJ3Z#####UWX
461,3EA3QWIZ4M3VC58IOX3I7E73XL5TIE,3IHWR4LC8GL9S1I0VXNMRYFSIKA8I0,t10:AgwFr,A3PRQ#####2718
462,3F1567XTN0DP9ONN3Z3APGXDUOIQ9D,3IHWR4LC8GL9S1I0VXNMRYFSIKA8I0,t10:RlP7R,A1WEN#####ZZ1U
463,3XCC1ODXDPJVDOJ9XG3WG1X70ARRQ4,3IHWR4LC8GL9S1I0VXNMRYFSIKA8I0,t10:y2kIC,A2AGD#####L1QP
464,3MTMREQS4ZQ8Y4TE7EGGD0QJO7JWA4,3IHWR4LC8GL9S1I0VXNMRYFSIKA8I0,t10:fNwTp,A3GUF#####RGJK
465,3NXNZ5RS1E5F36I870U4PPGIPYT971,3IHWR4LC8GL9S1I0VXNMRYFSIKA8I0,t10:X1u7g,A1IH3#####15YX
466,3WMINLGALFBZK6N9QNGF16JGWR1CAB,3IHWR4LC8GL9S1I0VXNMRYFSIKA8I0,t10:haYva,AK1Y0#####IQ6
467,339ANSOTR9AW9MIVUOPQ6NK7E8GIKZ,3IHWR4LC8GL9S1I0VXNMRYFSIKA8I0,t10:2fctJ,ARAAV#####YWO
468,3FIJLY1B6YCDAMDL68ODZ7TESQUFP6,3IHWR4LC8GL9S1I0VXNMRYFSIKA8I0,t10:abLsV,ATDV8#####O1N
469,326O153BMM6CFBAZ6ODCHVRP26CDE8,3IHWR4LC8GL9S1I0VXNMRYFSIKA8I0,t10:PXFFm,A28LJ#####SBSQ
470,39OWYR0EPOZ7J05MXVKWCYMQWVZFY2,3IHWR4LC8GL9S1I0VXNMRYFSIKA8I0,dropped,A3E5E#####BXBT
471,3IO1LGZLKD5WL1LTJYJYJFLBAHS68B,3IHWR4LC8GL9S1I0VXNMRYFSIKA8I0,t10:TSNei,A2FBJ#####9SQ6
472,3VE8AYVF8Q5S4UE4KRM2DLYO3GXF8P,3IHWR4LC8GL9S1I0VXNMRYFSIKA8I0,t10:u0Q68,A354D#####ODP1
473,3OXV7EAXLIYAK4FN7HO2SYD0UV463N,3IHWR4LC8GL9S1I0VXNMRYFSIKA8I0,t10:xTY7K,A1QBN#####NYYY
474,358010RM5I17FS12SE3YB6I3IJTXV2,3IHWR4LC8GL9S1I0VXNMRYFSIKA8I0,t10:ykQuu,AVD6H#####LFI
475,32SCWG5HILCHRTKA5FL951G1ZRYP6K,3IHWR4LC8GL9S1I0VXNMRYFSIKA8I0,t10:GT9OF,AA6RY#####BKM
476,3BF51CHDTZIU0107KDXNNR4J0X6H0A,3IHWR4LC8GL9S1I0VXNMRYFSIKA8I0,t10:u64yk,A1FHK#####9RU
477,3GNA64GUZIC681LB09QTD0SB8TM5QQ,3IHWR4LC8GL9S1I0VXNMRYFSIKA8I0,t10:SKbD8,A2658#####AR1D
478,3DOCMVPBTRMPVTEPOHUY3NXSU4XNNB,3IHWR4LC8GL9S1I0VXNMRYFSIKA8I0,dropped,A123B#####TCIP
479,3DOCMVPBTRMPVTEPOHUY3NXSU4XNNB,3IHWR4LC8GL9S1I0VXNMRYFSIKA8I0,dropped,A3R10#####20BW
480,3DOCMVPBTRMPVTEPOHUY3NXSU4XNNB,3IHWR4LC8GL9S1I0VXNMRYFSIKA8I0,dropped,A1GXO#####OSWN
481,3QIYRE09Y7PMHM70JUW06GKPR3U1NJ,3IHWR4LC8GL9S1I0VXNMRYFSIKA8I0,t10:ff2Db,A1PLZ#####W43J
482,3VD82FOHKUWOMAHA06LX213LLAXCO6,3IHWR4LC8GL9S1I0VXNMRYFSIKA8I0,t10:y6Ym4,A30HU#####X1LK
483,3LOZAJ85YHLYI13044JN91LSLLW2XV,3IHWR4LC8GL9S1I0VXNMRYFSIKA8I0,t10:jLf4s,A4JP9#####ZPS
484,35DR22AR5HQUUJPK577PBTC547T3XA,3PA41K45WQA509QNVQVW5D7U1XU7P9,t11:6sSK0,AQV46#####8WI
485,32N49TQG3KO2AFJAE7LHAGTQU6FVAX,3PA41K45WQA509QNVQVW5D7U1XU7P9,t11:Csu3M,A2GZ0#####6L3X
486,3E1QT0TDFTFJ5L6VI22KZ0X1WGH8I7,3PA41K45WQA509QNVQVW5D7U1XU7P9,t11:JbwYn,A1OZR#####OZY5
487,3F1567XTN0BW0ODO02D78YJY7WJ9Q3,3PA41K45WQA509QNVQVW5D7U1XU7P9,t11:6v5Cg,A1OSE#####3NFB
488,3300DTYQT6NDVK458DTT0CK9YTYQET,3PA41K45WQA509QNVQVW5D7U1XU7P9,t11:KQ82b,A2S0M#####8DF
489,3RXPCZQMQTHNYUGFTTT2ZEXD3XJ1GO,3PA41K45WQA509QNVQVW5D7U1XU7P9,t11:OPDDu,A1R5W#####ROD8
490,3ZGVPD4G6XNOYVNTL411QRWE667TZH,3PA41K45WQA509QNVQVW5D7U1XU7P9,t11:Ga4Lr,AGRKG#####MD8
491,304SM51WA7AR1X7YQQG8U4TPDK9BS6,3PA41K45WQA509QNVQVW5D7U1XU7P9,t11:cBujK,AP4OD#####BNR
492,3ZPPDN2SLZ273LNJRBI7EHUKOTX9ET,3PA41K45WQA509QNVQVW5D7U1XU7P9,t11:mrkzn,AV5FC#####SKR
493,3EFE17QCRGB1SAAKQIQ4GFWN8XFSH4,3PA41K45WQA509QNVQVW5D7U1XU7P9,dropped,A3GCI#####BQTG
494,3D8YOU6S9IQ1AYI7J4U0YPPLKGE6UR,3PA41K45WQA509QNVQVW5D7U1XU7P9,t11:jszrG,A2DFS#####2HDC
495,3WSELTNVR78NXNFL9CL29Y55XL3TAJ,3PA41K45WQA509QNVQVW5D7U1XU7P9,dropped,A1VVX#####PHP0
496,3F0BG9B9MTT1V7GHCFWH7OVUBFG7YW,3PA41K45WQA509QNVQVW5D7U1XU7P9,dropped,A2BQ5#####YNUT
497,326O153BMM4J6B003RN90DDAFECEDF,3PA41K45WQA509QNVQVW5D7U1XU7P9,t11:v7vBJ,A2T1J#####QHH9
498,38YMOXR4MY5E227CE491GDAI5WP6WQ,3PA41K45WQA509QNVQVW5D7U1XU7P9,t11:e9OYP,A10SQ#####1XVY
499,3RWE2M8QWLGT1XCJKE2XBTN0ZH5N0L,3PA41K45WQA509QNVQVW5D7U1XU7P9,dropped,A1PED#####RHUM
500,33LK57MYLXBNJVAEW4WBGM0S4NWSZU,3PA41K45WQA509QNVQVW5D7U1XU7P9,dropped,A1ITT#####MZG1
501,3R8YZBNQ9LOSM5PVL5FNU2SSC6YQ7B,3PA41K45WQA509QNVQVW5D7U1XU7P9,t11:oMUXJ,A2E3T#####Q9XU
502,33LKR6A5KIQR3Z2LDTS9YXC2TRXT1V,3PA41K45WQA509QNVQVW5D7U1XU7P9,dropped,AC19N#####O3Y
503,3Z4XG4ZF4CXGVGVQHO2L2AKGKTRX82,3PA41K45WQA509QNVQVW5D7U1XU7P9,t11:G7qyt,A3QCK#####AAVE
504,3AZHRG4CU8QMXTJ92VII2FPUU0F03J,3PA41K45WQA509QNVQVW5D7U1XU7P9,t11:Jh7wO,A2IKZ#####PJXO
505,3FQ5JJ512PUVENJNO7CFUD29DFBKNO,3PA41K45WQA509QNVQVW5D7U1XU7P9,t11:lSBy2,A31J3#####PIMW
506,3CFJTT4SXXWF571C8XAEL016LWHI70,3PA41K45WQA509QNVQVW5D7U1XU7P9,t11:CIMBe,A21XQ#####HL4A
507,3QHK8ZVMIQO4XKC86HJ7IIFULQ2LB3,3PA41K45WQA509QNVQVW5D7U1XU7P9,dropped,A2RR0#####Z5LE
508,3G5W44VEUBOP4V2113ZK4TTCC3PKGG,3PA41K45WQA509QNVQVW5D7U1XU7P9,t11:8aAYt,A2IMA#####8170
509,3W92K5RLWYN5497TJBU025D42SIV5V,3PA41K45WQA509QNVQVW5D7U1XU7P9,t11:AaZGH,A2V68#####OWI1
510,3F0BG9B9MTT1V7GHCFWH7OVUBFG7YW,3PA41K45WQA509QNVQVW5D7U1XU7P9,t11:ggG82,A2YQ3#####COL1
511,3VZLGYJEYPGVFCWDQE2YFUHKJ2YZX9,3PA41K45WQA509QNVQVW5D7U1XU7P9,t11:G96DS,A3NOA#####8MYM
512,34BBWHLWHEHUVM2DG5IQDG0NENQIW2,3PA41K45WQA509QNVQVW5D7U1XU7P9,t11:nOLFH,A1K61#####ZUML
513,35GMH2SV3INAA8RPT01PB7P9JSKOEN,3PA41K45WQA509QNVQVW5D7U1XU7P9,t11:mtrqZ,A19V3#####WL77
514,38JBBYETQSG66FH7AGMGX9J421LE44,3PA41K45WQA509QNVQVW5D7U1XU7P9,t11:2g3Cz,A173A#####AX9F
515,33LKR6A5KIQR3Z2LDTS9YXC2TRXT1V,3PA41K45WQA509QNVQVW5D7U1XU7P9,t11:2cO40,API17#####J7Z
516,3HMVI3QICNYNKL1FNZF86E4H8TG1YT,3PA41K45WQA509QNVQVW5D7U1XU7P9,t11:0MqV0,A265Z#####2TGT
517,3GNCZX450MTP5VMESVCI4O488IJAPW,3PA41K45WQA509QNVQVW5D7U1XU7P9,t11:nWIRO,AAURS#####SXC
518,37U1UTWH9ZSWYK9E8PWTDSYSJC6R80,3PA41K45WQA509QNVQVW5D7U1XU7P9,t11:DENWa,A2S5G#####4S7T
519,34Q075JO11JQNQ5UFR4ZEMAXWG101R,3PA41K45WQA509QNVQVW5D7U1XU7P9,t11:Q4PXx,ALYR5#####2JC
520,34QN5IT0T3X8YQPFECDETWX5AM708B,3PA41K45WQA509QNVQVW5D7U1XU7P9,t11:nCGsD,A1R8A#####N7RH
521,3B3WTRP3DF8F85B3YRN6CGLVRQ929M,3PA41K45WQA509QNVQVW5D7U1XU7P9,t11:vySZZ,A182N#####SCZG
522,3OE22WJIGMUUKG1RYD8Y4U6CKHWQUE,3PA41K45WQA509QNVQVW5D7U1XU7P9,t11:Yz6yf,A3SCN#####12HR
523,3A4TN5196OOLLTLOTW041AS5MUUCHV,3PA41K45WQA509QNVQVW5D7U1XU7P9,t11:lNZYJ,A1NQB#####RGG6
524,3XC1O3LBOWS4T66P63ASICLGRX2TL1,3PA41K45WQA509QNVQVW5D7U1XU7P9,t11:Kwrn5,A3JWP#####COBP
525,3K5TEWLKGZHHGX28QVDUREH97EOIVS,3PA41K45WQA509QNVQVW5D7U1XU7P9,t11:2BTVu,AJ9I2#####IS8
526,3UJ1CZ6IZLVPCHQPPGPVRITX3OP5S1,3PA41K45WQA509QNVQVW5D7U1XU7P9,t11:jzFA5,A1NV5#####LC92
527,3Z4AIRP3CAJYKGB5I3T6N0X86NMX1J,3PA41K45WQA509QNVQVW5D7U1XU7P9,t11:MMShC,A1ZCP#####MAHN
528,3VAR3R6G1T7T17HYGXFPJXTN8PNO8P,3PA41K45WQA509QNVQVW5D7U1XU7P9,dropped,A1TX7#####C3ZF
529,3QXNC7EIPM18CV8PJ4JSTSSGUSP090,3PA41K45WQA509QNVQVW5D7U1XU7P9,t11:HAJ87,A30KT#####5L9S
530,3A9AA95AT0SSZPAXXZL1WDOMG4I5PL,3PA41K45WQA509QNVQVW5D7U1XU7P9,t11:Qd4NW,AZ5ZY#####XDL
531,3GU1KF0O4M7UO5R6Y9CEZZOEQ04BPS,3PA41K45WQA509QNVQVW5D7U1XU7P9,t11:RnDrw,A2WF2#####7OHV
532,392CY0QWG5XIMKJT6ZC7IOHWUUS4I3,3PA41K45WQA509QNVQVW5D7U1XU7P9,t11:fOgWg,A27CZ#####2LTT
533,374TNBHA8F1B1PLW8E5N7FCPG57QYC,3PA41K45WQA509QNVQVW5D7U1XU7P9,t11:RZqks,AV2JA#####AJM
534,3QAPZX2QN8JXCBNQYV4DJ5K2OMF20A,3PA41K45WQA509QNVQVW5D7U1XU7P9,t11:bX16Q,A1NWX#####0M8U
535,3BF51CHDTZG1R1Q8HG7K69Q4D5X0HQ,3PA41K45WQA509QNVQVW5D7U1XU7P9,t11:691Oy,A2TI9#####47MZ
536,3BXQMRHWK343Z13Z6K1HNLM7AGZUMV,3PA41K45WQA509QNVQVW5D7U1XU7P9,t11:TChnl,A1NLD#####2CX
537,3LQ8PUHQFPYCYW7OL6WQCDQ0ZZEHI2,3PA41K45WQA509QNVQVW5D7U1XU7P9,t11:48RzG,A1S88#####8CNC
538,3QL2OFSM9AODVP7ZWUVH6UP1862NCE,3PA41K45WQA509QNVQVW5D7U1XU7P9,dropped,A38KM#####K3JN
539,33PPUNGG3CBBIGA1HFW6QCVWILEZRE,3PA41K45WQA509QNVQVW5D7U1XU7P9,t11:xTEet,A4DWW#####07K
540,3S06PH7KSVAKMA6OR3SUTTUGQ5AD1X,3PA41K45WQA509QNVQVW5D7U1XU7P9,t11:UV44f,AO2A1#####0KB
541,3U088ZLJVOZJORLXCFTK7C0RST9W0L,3PA41K45WQA509QNVQVW5D7U1XU7P9,t11:yjj88,A38C2#####2LTS
542,317HQ483IBY48STZO4R3HXNWLBNNIH,3PA41K45WQA509QNVQVW5D7U1XU7P9,t11:PuoAc,A13WY#####6ODX
543,3IKZ72A5B8MKY1R9NWLIE0A45JVFNI,3PA41K45WQA509QNVQVW5D7U1XU7P9,t11:So3jZ,A7HAW#####1M4
544,3E47SOBEYU2LHOW8ZEIP1MTKM79ICU,3PA41K45WQA509QNVQVW5D7U1XU7P9,t11:YY0fZ,A1N53#####CR7Q
545,3J88R45B2K4118U7354WOWF693RXPM,3PA41K45WQA509QNVQVW5D7U1XU7P9,t11:WfXZn,AV76C#####6U
546,30LSNF239Y18J6462LTJP9KYAGWI2L,3PA41K45WQA509QNVQVW5D7U1XU7P9,t11:vrsqp,A3EPB#####RHVY
547,3PH3VY7DJP3GQCRNG96CDB3DA0TWZE,3PA41K45WQA509QNVQVW5D7U1XU7P9,dropped,A1VP6#####16O7
548,3GD6L00D3W3NQ4C14WRXCJHAZJ21M3,3PA41K45WQA509QNVQVW5D7U1XU7P9,t11:qCVk1,AA116#####DS8
549,3KYQYYSHYZD5I2DPX5Q55P7OJGLDOL,3PA41K45WQA509QNVQVW5D7U1XU7P9,t11:sCpCr,A3CXK#####U27V
550,358UUM7WR39SY64VYK4NZS2X8S0R7D,3PA41K45WQA509QNVQVW5D7U1XU7P9,t11:RAjQs,A1SRX#####C3TD
551,3ZDAD0O1T5JZT0NEKMDGT6G3Y6CTXN,3PA41K45WQA509QNVQVW5D7U1XU7P9,t11:1kPCv,A1P63#####GF5E
552,39U1BHVTDPXND2G00X6SMQRZRBC3TY,3PA41K45WQA509QNVQVW5D7U1XU7P9,t11:lw62S,A233H#####FSNY
553,31HQ4X3T3WG3E6TAH35287PUPEPLS5,3PA41K45WQA509QNVQVW5D7U1XU7P9,t11:kl92c,A2GW9#####VO32
554,3L0KT67Y8IMNE5090IUS2FRQYTSSY3,3PA41K45WQA509QNVQVW5D7U1XU7P9,t11:jS78Y,A1N8T#####92QR
555,32RIADZISWA7GYMPBB6LMQNJ3SS4ST,3PA41K45WQA509QNVQVW5D7U1XU7P9,t11:qpZeh,A1618#####5OJV
556,3UNH76FOCWBKGAN4GLY6Q6SK64AMYL,3PA41K45WQA509QNVQVW5D7U1XU7P9,t11:Atbwk,A1DJ4#####H3T
557,34FNN24DCQFM832YOMHK94HYK9L5YF,3PA41K45WQA509QNVQVW5D7U1XU7P9,t11:TuCLa,A1XAF#####H6S5
558,3A4NIXBJ7A50GBG5X69GWYQOXP7MLU,3PA41K45WQA509QNVQVW5D7U1XU7P9,t11:cupSl,A2WJM#####QG3Z
559,3P529IW9K2RUA1OOBJ53186F0OUFLF,3PA41K45WQA509QNVQVW5D7U1XU7P9,t11:qKQ6i,A16HS#####7QA7
560,3YT88D1N0C4OAJQD6OS0LZ438YM3KT,3PA41K45WQA509QNVQVW5D7U1XU7P9,t11:bcwbj,A1O4W#####6HY0
561,384PI804XW7QHA4OSAJJANX6MGES03,3PA41K45WQA509QNVQVW5D7U1XU7P9,t11:ruRp2,A32ZG#####9AN3
562,3ZPBJO59KT7VQLR2TSVFLGAN7U6HD0,3PA41K45WQA509QNVQVW5D7U1XU7P9,t11:26jlo,A3AD8#####C20E
563,3HFNH7HEMLKBFY0WE8JH0F5LB9HQGE,3PA41K45WQA509QNVQVW5D7U1XU7P9,t11:yWc8X,A3DNY#####1FQF
564,3LBXNTKX0V1G9LE0MG8Z26FR4Z9X9R,3PA41K45WQA509QNVQVW5D7U1XU7P9,t11:exyXE,A224B#####MZSN
565,33ISQZVXPTSU4LA874M3QJVP92QCCN,3PA41K45WQA509QNVQVW5D7U1XU7P9,dropped,AD7MW#####5ZZ
566,3YOH7BII0DD8MSSWQYY64UWMZIEKV6,3PA41K45WQA509QNVQVW5D7U1XU7P9,dropped,A1X7A#####7SO7
567,3SKRO2GZ75XS0GCYJKEHX6P6AE7K1H,3PA41K45WQA509QNVQVW5D7U1XU7P9,t11:LnKCI,AE2QW#####JAN
568,36PW28KO432L84XOJHW7AC54UBHAEB,3PA41K45WQA509QNVQVW5D7U1XU7P9,t11:aRKDn,A1RKH#####6ZPK
569,3CFJTT4SXXWF571C8XAEL016LWII71,3PA41K45WQA509QNVQVW5D7U1XU7P9,t11:u6qCe,AA3I6#####96P
570,386CSBG1O3S9I5BQ2VAVOOSWHVEQ6C,3PA41K45WQA509QNVQVW5D7U1XU7P9,t11:GmtQN,A1UBV#####VDVV
571,373ERPL3YSEFW412BN7O4OUFXPSRTQ,3PA41K45WQA509QNVQVW5D7U1XU7P9,t11:mXdU4,A19OE#####NCD1
572,3OE22WJIGMUUKG1RYD8Y4U6CKHXQUF,3PA41K45WQA509QNVQVW5D7U1XU7P9,t11:P4ylv,A2CB7#####6VVN
573,33TIN5LC08G59Q4ARCU1LKM06549YA,3PA41K45WQA509QNVQVW5D7U1XU7P9,t11:eWPNF,A2637#####Q58H
574,3VFJCI1K435BRZFWRN8H55FQ7VKRGH,3PA41K45WQA509QNVQVW5D7U1XU7P9,t11:550P7,A1M3S#####JDAH
575,30ZX6P7VFC14EHOCK3EJ1AZYNVLJ2Y,3PA41K45WQA509QNVQVW5D7U1XU7P9,t11:FEj5G,A2I9P#####ZBO8
576,3S96KQ6I9QALVUIXTMC4ZZDBIO1DT6,3PA41K45WQA509QNVQVW5D7U1XU7P9,t11:Hr6sC,A36G4#####F8V8
577,3URFVVM169O3Y82IL9RBVNIGPKIUZD,3PA41K45WQA509QNVQVW5D7U1XU7P9,t11:eigeH,A27VI#####7EID
578,3WZ36BJEV7MSGXKDFQLY49PBF3PBTX,3PA41K45WQA509QNVQVW5D7U1XU7P9,t11:WnZ9P,A2AUR#####R39J
579,3TUI152ZZFTEBJATWPYETS1F9K01QR,3PA41K45WQA509QNVQVW5D7U1XU7P9,t11:8Qum1,A133Q#####GS3I
580,3W92K5RLWYN5497TJBU025D42SJV5W,3PA41K45WQA509QNVQVW5D7U1XU7P9,t11:M8JCa,A3BXI#####DUHW
581,3LS2AMNW5JWZ7BHU2RWP5OEN2V9QO2,3PA41K45WQA509QNVQVW5D7U1XU7P9,t11:26rsp,A1UU7#####ILG6
582,3IAEQB9FMIQDNBMRORHFMJKAMIJWDF,3PA41K45WQA509QNVQVW5D7U1XU7P9,t11:rJcdS,A3DRY#####UDK
583,3QY7M81QHBS6B2R080VQYGGJD077K1,3PA41K45WQA509QNVQVW5D7U1XU7P9,t11:pNBQl,A1PTK#####Z0QB
584,3IFS6Q0HJMP1O5L4W08PGRX28AVISO,3PA41K45WQA509QNVQVW5D7U1XU7P9,t11:oWxHN,A3FYR#####AN5B
585,3Z4XG4ZF4CXGVGVQHO2L2AKGKTT8XF,3PA41K45WQA509QNVQVW5D7U1XU7P9,t11:XqFnO,A1SMY#####WB29
586,3JMSRU9HQM050S0MUCN36ZJHFLIVEX,3PA41K45WQA509QNVQVW5D7U1XU7P9,t11:6k2wM,A1CUK#####W1DY
587,3QAPZX2QN8JXCBNQYV4DJ5K2OMG20B,3PA41K45WQA509QNVQVW5D7U1XU7P9,t11:LQOS0,A39TK#####LGK3
588,3V5Q80FXI1XTT3MNHIMWL3I9RY0236,3PA41K45WQA509QNVQVW5D7U1XU7P9,t11:TXXPh,A2180#####XVEW
589,373ERPL3YSEFW412BN7O4OUFXPRTRR,3PA41K45WQA509QNVQVW5D7U1XU7P9,t11:DAIiI,A3RHF#####JC4V
590,39GAF6DQWV66GR6AIOSOZF0NQCEV1E,3PA41K45WQA509QNVQVW5D7U1XU7P9,dropped,ANUMW#####QBJ
591,32SCWG5HILAOITAB2IV6OJ2MCZR6P0,3PA41K45WQA509QNVQVW5D7U1XU7P9,t11:cWTkU,AHNFZ#####H6B
592,3TVSS0C0E56K40IOAHHURN2WP47WTY,3PA41K45WQA509QNVQVW5D7U1XU7P9,t11:QMkIA,A2ES6#####CG04
593,3U4J9857OIH5IZN62NIXZDXTQ6Z7BI,3PA41K45WQA509QNVQVW5D7U1XU7P9,t11:KOzR7,A3KGE#####FSQ9
594,3TOK3KHVJXOP1TCF6SNJ5XXSX5H7OL,3PA41K45WQA509QNVQVW5D7U1XU7P9,t11:OmzwW,A3P34#####IKQY
595,3Y5140Z9D1M4BD5C4J4VLMSRLQPIP9,3PA41K45WQA509QNVQVW5D7U1XU7P9,t11:eEqAX,A3EUG#####N4G1
596,3J4Q2Z4UT297CKQWTDNZMIR95X8QWE,3PA41K45WQA509QNVQVW5D7U1XU7P9,t11:jAo0m,A2QXN#####RNL7
597,3TE3O85734ELC57PS8NS31LPXCH2RB,3PA41K45WQA509QNVQVW5D7U1XU7P9,t11:9fXAG,AW2XW#####MR5
598,3UN61F00H0VDB2QCARPQ18O1HM7R50,3PA41K45WQA509QNVQVW5D7U1XU7P9,dropped,A3HV6#####625R
599,30H4UDGLT6OQ7WV3PY2NDFZ82Z8PMV,3PA41K45WQA509QNVQVW5D7U1XU7P9,t11:JjG97,ABGFB#####C23
600,3YGXWBAF74NR9HXTEPGL7LJ1HP84C1,3PA41K45WQA509QNVQVW5D7U1XU7P9,t11:C1r16,A2DNC#####HCBS
601,33ISQZVXPTSU4LA874M3QJVP92QCCN,3PA41K45WQA509QNVQVW5D7U1XU7P9,t11:Bx756,A21ST#####J2Z6
602,3L4PIM1GQXMBDQ0WLTUNC5MUCRARYF,3PA41K45WQA509QNVQVW5D7U1XU7P9,t11:NPcmZ,A2X3F#####GHJU
603,3J2UYBXQQPILUC6RLXGG9I1E4RH60V,3PA41K45WQA509QNVQVW5D7U1XU7P9,dropped,ABXB3#####GSH
604,3X4JMASXCQFR0ONMHOXOKYN6ISSB0L,3PA41K45WQA509QNVQVW5D7U1XU7P9,t11:fRDMt,A3B1P#####AM2B
605,37ZHEEHM60S0F4JTNU3RHUZH2EN37O,3PA41K45WQA509QNVQVW5D7U1XU7P9,t11:a0Obv,AM36K#####SC1
606,3HVVDCPGTIYOT5DOPIZICKNC0C6TYT,3PA41K45WQA509QNVQVW5D7U1XU7P9,t11:zmLu0,A1XRW#####K1J4
607,3570Y55XZTPKO0RI5I0BD18NAI0YGR,3PA41K45WQA509QNVQVW5D7U1XU7P9,dropped,A27OP#####ZMZ1
608,3FFJ6VRIL5U1NW1SNYP56LRJDICI01,3PA41K45WQA509QNVQVW5D7U1XU7P9,t11:QKhqS,A3SFM#####I36J
609,3YOH7BII0DD8MSSWQYY64UWMZIEKV6,3PA41K45WQA509QNVQVW5D7U1XU7P9,t11:zSUD8,A2VGE#####8CBQ
610,3WSELTNVR78NXNFL9CL29Y55XL5TAL,3PA41K45WQA509QNVQVW5D7U1XU7P9,t11:8G3yN,AIW85#####CQO
611,3RUIQRXJBFUGATYKXU81WLBZXKILLS,3PA41K45WQA509QNVQVW5D7U1XU7P9,t11:3PhEH,A2OHL#####X0Y8
612,3VZLGYJEYPGVFCWDQE2YFUHKJ2ZZXA,3PA41K45WQA509QNVQVW5D7U1XU7P9,t11:H48oA,A2CQP#####UC5V
613,3SITXWYCNZFZXETXK0MVTCAHSZCXB1,3PA41K45WQA509QNVQVW5D7U1XU7P9,t11:hX1Zy,AVT79#####9LI
614,3X4JMASXCQFR0ONMHOXOKYN6IST0BB,3PA41K45WQA509QNVQVW5D7U1XU7P9,t11:G5BdO,A2WKX#####LNT9
615,3PM8NZGV82MM1KVM3IJLO15GEZFXQF,3PA41K45WQA509QNVQVW5D7U1XU7P9,t11:sRqj7,A1DMH#####NVP2
616,3R6BYFZZPBIPAV5DP28RC2127X6FX3,3PA41K45WQA509QNVQVW5D7U1XU7P9,t11:VE31A,A39MT#####GLBF
617,3NG53N1RLZPBM7TZVXS48XYDIUJ8PQ,3PA41K45WQA509QNVQVW5D7U1XU7P9,t11:Gl1Lm,A15VI#####YO50
618,3EO896NRA01YYGIP3IYF2X8ON8YJTQ,3PA41K45WQA509QNVQVW5D7U1XU7P9,t11:a1Cn8,A55CX#####R0N
619,386CSBG1O3S9I5BQ2VAVOOSWHVGQ6E,3PA41K45WQA509QNVQVW5D7U1XU7P9,t11:fTAvZ,A3HX3#####L28S
620,3QY7M81QHBS6B2R080VQYGGJD097K3,3PA41K45WQA509QNVQVW5D7U1XU7P9,dropped,AD1IL#####ASF
621,3OVHNO1VEA7HH6RWZE1MLNES3KMZD7,3PA41K45WQA509QNVQVW5D7U1XU7P9,t11:yQdIU,A3TKB#####PXBA
622,36ZN444YTV4MQDTBPJRGWMN1BLTOIY,3PA41K45WQA509QNVQVW5D7U1XU7P9,t11:wzSty,A2FPC#####HGZF
623,3S06PH7KSVAKMA6OR3SUTTUGQ5C1DN,3PA41K45WQA509QNVQVW5D7U1XU7P9,t11:iNQvS,A1H19#####37T1
624,3K772S5NPCH0IR52PN6ZRYS8767EHQ,3PA41K45WQA509QNVQVW5D7U1XU7P9,dropped,A3ADQ#####JQDU
625,3Z7VU45IP2NNPBBKJLHRKLDJENLZ1J,3PA41K45WQA509QNVQVW5D7U1XU7P9,t11:DY40H,A2W12#####QK1
626,3TVRFO09GOLBANF9BDBP7F6M4TRLXD,3PA41K45WQA509QNVQVW5D7U1XU7P9,t11:V5JQl,A15F4#####42BK
627,3GS6S824SU3M9ND4DLVIIOW40MMWNY,3PA41K45WQA509QNVQVW5D7U1XU7P9,t11:QKkgf,AFTXB#####SSH
628,3MYYFCXHJ7D4QTDYGBC4XC4GFH14GC,3PA41K45WQA509QNVQVW5D7U1XU7P9,t11:9MPwL,A91KO#####423
629,3H8DHMCCWDHMSBSAZDYCY8QFZBBDK1,3PA41K45WQA509QNVQVW5D7U1XU7P9,t11:rT78U,A3A8P#####0DWQ
630,3VBEN272MO5NSEF96C8MVFKMTX2SG5,3PA41K45WQA509QNVQVW5D7U1XU7P9,t11:fWCTu,A12BP#####NZT9
631,3HMIGG0U4PC5VLL0MKONLORPMZLY89,3PA41K45WQA509QNVQVW5D7U1XU7P9,t11:lKwPc,A1V6C#####OSAR
632,3OWEPKL08DI7J8C35DN6Q8XN7VBN7L,3PA41K45WQA509QNVQVW5D7U1XU7P9,t11:mL5eM,A1P6L#####MWAY
633,3QY5DC2MXVQXTRBIKXX4SV2YDFNFU9,3PA41K45WQA509QNVQVW5D7U1XU7P9,t11:anWKd,A2H8H#####4A58
634,32KTQ2V7RHL5F9FW896QRPZTXVSM9Z,3PA41K45WQA509QNVQVW5D7U1XU7P9,t11:Q7RYp,A2090#####WA3F
635,3S0TNUHWKXO2XAQ9QO1983HO4BID8J,3PA41K45WQA509QNVQVW5D7U1XU7P9,t11:HV2OL,A345T#####DQ3G
636,3Q5C1WP23Q7PIXRVCXABVH6ODOE15F,3PA41K45WQA509QNVQVW5D7U1XU7P9,t11:2jeCy,A2HC9#####AKNN
637,3KJYX6QCMDHDB8ME8DYU3FW9KTGJV8,3PA41K45WQA509QNVQVW5D7U1XU7P9,t11:ydLJI,A29CQ#####N3DJ
638,33CUSNVVNRIQGFUI9GQTMB3NTKK887,3PA41K45WQA509QNVQVW5D7U1XU7P9,t11:CmkGB,AWZCV#####PT
639,3F6KKYWMNF7N0HDDWQQSQ07JT6HNDH,3PA41K45WQA509QNVQVW5D7U1XU7P9,t11:LDmnZ,ANXIY#####O2Y
640,3D4CH1LGEEZ5NZJAX68VEKFW19C9GA,3PA41K45WQA509QNVQVW5D7U1XU7P9,t11:XRvGk,A3JW2#####7ZTU
641,308XBLVESMAF0I7LB1G34UOTRITRB1,3PA41K45WQA509QNVQVW5D7U1XU7P9,t11:SQVIw,A1OZP#####1519
642,3YJ6NA41JFM06OPIM1PVXN7RY5FJPN,3PA41K45WQA509QNVQVW5D7U1XU7P9,t11:drc9j,ASIIB#####7J7
643,3X87C8JFVAHE539N98DYPTOOZKESQ3,3PA41K45WQA509QNVQVW5D7U1XU7P9,t11:wFpBo,AYOXZ#####HDT
644,340UGXU9D27MPOX8KC28AH5K19EVUG,3PA41K45WQA509QNVQVW5D7U1XU7P9,t11:1bkNq,A3L7T#####M0FG
645,3HMVI3QICNYNKL1FNZF86E4H8TI1YV,3PA41K45WQA509QNVQVW5D7U1XU7P9,t11:v59wz,A12HW#####ITHD
646,3A9AA95AT0SSZPAXXZL1WDOMG4K5PN,3PA41K45WQA509QNVQVW5D7U1XU7P9,t11:k9R7q,A2RMR#####75XZ
647,3ND9UOO81O8WLNAJ18F35WSFVRMWLW,3PA41K45WQA509QNVQVW5D7U1XU7P9,t11:NcKsr,A36P1#####F567
648,36WLNQG783GQRE2GPVW35NPACT5EBD,3PA41K45WQA509QNVQVW5D7U1XU7P9,t11:y88jE,AU04N#####GMK
649,3OWEPKL08DI7J8C35DN6Q8XN7VDN7N,3PA41K45WQA509QNVQVW5D7U1XU7P9,t11:M84xb,A38A8#####ZMDV
650,30OG32W0SYHSSNRDSL1CWIP4TICNE4,3PA41K45WQA509QNVQVW5D7U1XU7P9,t11:caKzg,AJQ71#####1HZ
651,3QAPZX2QN8JXCBNQYV4DJ5K2OMH20C,3PA41K45WQA509QNVQVW5D7U1XU7P9,t11:AWVai,A2QBB#####PTYR
652,3TU5ZICBRH7WMJUEVA7T82ONNQ7Q81,3PA41K45WQA509QNVQVW5D7U1XU7P9,t11:mXkzF,A2QX3#####HHVV
653,34Z02EIMIWJRWAH3HAO9KSTSOZRT0S,3PA41K45WQA509QNVQVW5D7U1XU7P9,t11:2rxpI,A2N5O#####M8Z4
654,3LOZAJ85YHJ591T117TKSJ7DYT32X8,3PA41K45WQA509QNVQVW5D7U1XU7P9,t11:8KFGI,A2DV8#####RIL0
655,3QY5DC2MXVQXTRBIKXX4SV2YDFQUFR,3PA41K45WQA509QNVQVW5D7U1XU7P9,t11:ej5j9,A14AD#####6TDY
656,3G2UL9A02HKZCN6B6W1POXB1C5P76Y,3PA41K45WQA509QNVQVW5D7U1XU7P9,t11:L1TxQ,A8YLQ#####KPR
657,3HHRAGRYXCBTFC08LPL3JTOYSV89O2,3PA41K45WQA509QNVQVW5D7U1XU7P9,dropped,AFC15#####K6S
658,3ZQIG0FLQIMZHSMDFCH9S5QHMPOVWE,3PA41K45WQA509QNVQVW5D7U1XU7P9,t11:CqMzH,A2KDO#####8S8D
659,3PIWWX1FJNC4KDMKROKB0RLFP69JJN,3PA41K45WQA509QNVQVW5D7U1XU7P9,t11:egeAv,A1O6W#####9R9C
660,3VAR3R6G1T7T17HYGXFPJXTN8POO8Q,3PA41K45WQA509QNVQVW5D7U1XU7P9,t11:HkvNm,A14Z1#####JEON
661,3V0Z7YWSI26D5CO61SS24YASIIU2V4,3PA41K45WQA509QNVQVW5D7U1XU7P9,t11:FzMsY,A1FAJ#####S6CX
662,3WZ36BJEV7MSGXKDFQLY49PBF3NBTV,3PA41K45WQA509QNVQVW5D7U1XU7P9,t11:epWUa,A2QO8#####DXU2
663,3A1COHJ8NN1J9QVBCKKZZOWMW3A8HM,3PA41K45WQA509QNVQVW5D7U1XU7P9,t11:dXNFb,A2QCD#####4P48
664,3SB5N7Y3O7ANR5VXXAP2L9E3Y5JG06,3PA41K45WQA509QNVQVW5D7U1XU7P9,t11:ZSRIi,A1T2V#####6DJZ
665,3LJ7UR74RLJA0LUK3FPZNWDDGTPN45,3PA41K45WQA509QNVQVW5D7U1XU7P9,t11:xmJAl,A3H2Y#####67J3
666,3EO896NRA01YYGIP3IYF2X8ON8WJTO,3PA41K45WQA509QNVQVW5D7U1XU7P9,t11:lFbsb,A2XS5#####MG9N
667,340UGXU9D27MPOX8KC28AH5K19FUVG,3PA41K45WQA509QNVQVW5D7U1XU7P9,t11:cyUHy,A214P#####H6KS
668,39GXDJN2OXKORRQVH913EPNV4IO8VF,3PA41K45WQA509QNVQVW5D7U1XU7P9,dropped,A3KKG#####UFVL
669,3XUHV3NRVO40M8C9EMDWN4MVUD85HG,3PA41K45WQA509QNVQVW5D7U1XU7P9,t11:X2Q4c,AU1A3#####FR3
670,3EJJQNKU9VBPRVA7BTQZQ5RRMVZRHI,3PA41K45WQA509QNVQVW5D7U1XU7P9,t11:QvWx3,A3DNZ#####47AR
671,3A1PQ49WVLN1YQBQDZBKKE9EIX71HY,3PA41K45WQA509QNVQVW5D7U1XU7P9,t11:u9SSD,ABOEY#####FRI
672,3JW0YLFXRXMCWHMI5MM5E79VTYQWWP,3PA41K45WQA509QNVQVW5D7U1XU7P9,t11:lbIY1,A1C9Z#####21PG
673,34FNN24DCQFM832YOMHK94HYK9N5YH,3PA41K45WQA509QNVQVW5D7U1XU7P9,t11:hlsaD,A2S6J#####VW1R
674,3NVC2EB65U5JUOFUA3TRU7JE6DY3YR,3PA41K45WQA509QNVQVW5D7U1XU7P9,t11:msEae,A1MYG#####7RWJ
675,3IFS6Q0HJMP1O5L4W08PGRX28AYISR,3PA41K45WQA509QNVQVW5D7U1XU7P9,t11:Dvdcw,A1VAL#####9IN0
676,3F6KKYWMNF7N0HDDWQQSQ07JT6INDI,3PA41K45WQA509QNVQVW5D7U1XU7P9,t11:d85Rc,A33XH#####J4LE
677,3F6KKYWMNF7N0HDDWQQSQ07JT6IDN8,3PA41K45WQA509QNVQVW5D7U1XU7P9,t11:9cTo8,A1BB6#####AMMO
678,3C2NJ6JBKEN0X7FXZ16BUHGFWFU2NP,3PA41K45WQA509QNVQVW5D7U1XU7P9,t11:Nd1F4,A2HSC#####N5LP
679,35K3O9HUAFJG4VEWUXIZODGVRRYEFW,3PA41K45WQA509QNVQVW5D7U1XU7P9,t11:iMgyu,A1SCT#####IS0V
680,33CKWXB73NQQUFQCBA8ZSRT718B11Z,3PA41K45WQA509QNVQVW5D7U1XU7P9,t11:9lT67,A2A16#####BS7
681,3FE7TXL1LMTL04SPFTYSYBBK1QCQ2V,3PA41K45WQA509QNVQVW5D7U1XU7P9,t11:mti1D,A2W1E#####JCLC
682,3IUZPWIU1SDL1HS1G832QWF06RJKWJ,3PA41K45WQA509QNVQVW5D7U1XU7P9,t11:1NxOv,A2QQ3#####1SAX
683,3ZGVPD4G6XNOYVNTL411QRWE66DZTT,3PA41K45WQA509QNVQVW5D7U1XU7P9,t11:CC30W,A2OG8#####6HS7
684,3AWETUDC96YYPH7IRS2XCKU5VPXIZV,3PA41K45WQA509QNVQVW5D7U1XU7P9,dropped,A22ZR#####N2FD
685,3OVR4I9USTPV3I7CJ7HGRQ8IL4IQ41,3PA41K45WQA509QNVQVW5D7U1XU7P9,t11:mdBCX,A1GMG#####0V7T
686,3B1NLC6UG32QFMZHEV4S0AFB6D6GPO,3PA41K45WQA509QNVQVW5D7U1XU7P9,dropped,A16QX#####NHNZ
687,3DQQ64TANKRMC8PHT08AMD1Z01UPWU,3PA41K45WQA509QNVQVW5D7U1XU7P9,t11:fo2c5,ALZDJ#####919
688,38JBBYETQSG66FH7AGMGX9J421S4E1,3PA41K45WQA509QNVQVW5D7U1XU7P9,t11:L5j6H,A1GV0#####2ORS
689,3S0TNUHWKXO2XAQ9QO1983HO4BQD8R,3PA41K45WQA509QNVQVW5D7U1XU7P9,t11:5oUIJ,AYM9V#####PZ5
690,3VAR3R6G1T7T17HYGXFPJXTN8PUO8W,3PA41K45WQA509QNVQVW5D7U1XU7P9,t11:KzN8X,A1UY2#####CWN
691,3V0Z7YWSI26D5CO61SS24YASIIXV20,3PA41K45WQA509QNVQVW5D7U1XU7P9,t11:pazNN,A143V#####8CVI
692,3QHK8ZVMIQO4XKC86HJ7IIFULRGBL9,3PA41K45WQA509QNVQVW5D7U1XU7P9,dropped,AK0OV#####LFJ
693,3L70J4KAZKSGGYJONMLN4UNJU01DA8,3PA41K45WQA509QNVQVW5D7U1XU7P9,dropped,A1OUW#####Q4PX
694,38BQUHLA9068MWJ2AYP8OFUISVXMOY,3PA41K45WQA509QNVQVW5D7U1XU7P9,t11:zbLCS,A1KDW#####9LHM
695,3NGMS9VZTPO8A9ESP8256V1V3THFFL,3PA41K45WQA509QNVQVW5D7U1XU7P9,dropped,AO9PV#####C4V
696,38YMOXR4MY5E227CE491GDAI5XVW6O,3PA41K45WQA509QNVQVW5D7U1XU7P9,t11:X25R5,AZ62O#####EYR
697,3J4Q2Z4UT297CKQWTDNZMIR95Z5WQL,3PA41K45WQA509QNVQVW5D7U1XU7P9,dropped,A2R39#####ZQDN
698,3GS6S824SU3M9ND4DLVIIOW40OIWNY,3PA41K45WQA509QNVQVW5D7U1XU7P9,dropped,A69V2#####61E
699,39N5ACM9HITB0CC90PYI8TTO23Q9PB,3PA41K45WQA509QNVQVW5D7U1XU7P9,t11:JrApd,A41ZM#####BVC
700,36DSNE9QZ94ILODH71CG8N21O3UOJS,3PA41K45WQA509QNVQVW5D7U1XU7P9,t11:7xncQ,A27NB#####JS8Q
701,3Z7ISHFUH4150BV5I6Q6ZV0RSWTZ8B,3PA41K45WQA509QNVQVW5D7U1XU7P9,t11:eLyHy,A36O6#####FT2Y
702,36AHBNMV1VIHCGHR3SZ37G5QXU1DYL,3PA41K45WQA509QNVQVW5D7U1XU7P9,dropped,A1A15#####LEUE
703,340UGXU9D27MPOX8KC28AH5K1DQUVZ,3PA41K45WQA509QNVQVW5D7U1XU7P9,t11:csP4x,A1HYD#####KM78
704,3FQ5JJ512PUVENJNO7CFUD29DHAKNR,3PA41K45WQA509QNVQVW5D7U1XU7P9,t11:Iw3yd,A1PP1#####QA79
705,324G5B4FB7E4YCKW47L8FW1AZ53703,3PA41K45WQA509QNVQVW5D7U1XU7P9,t11:9Dv8Q,A2QS8#####JAUU
706,3YWRV122CW5OEC1VCJRYI3LCQFC8UV,3PA41K45WQA509QNVQVW5D7U1XU7P9,t11:8ddDR,AWDVZ#####E7K
707,3OB0CAO74LVYOWMTPOITY1KOPNBHYH,3PA41K45WQA509QNVQVW5D7U1XU7P9,t11:bLGak,AJFVK#####SPE
708,3RKNTXVS3Q43G20VUBKU1QTDHMNA45,3PA41K45WQA509QNVQVW5D7U1XU7P9,t11:2rZqS,ARB80#####Q5O
709,3OONKJ5DKGPC35F5J9ZZAZJOG4NOBL,3PA41K45WQA509QNVQVW5D7U1XU7P9,dropped,A38F8#####CE1Y
710,3OONKJ5DKGPC35F5J9ZZAZJOG4NOBL,3PA41K45WQA509QNVQVW5D7U1XU7P9,dropped,ASAAL#####X44
711,33F859I56AJ2BOTIFW49QQMN4IKBHV,3PA41K45WQA509QNVQVW5D7U1XU7P9,t11:nuqGR,A2XBT#####QXAY
712,30LSNF239Y18J64CMPLTN,3PA41K45WQA509QNVQVW5D7U1XU7P9,t11:mCn2b,A1GRL#####2RBJ
