assignment_id,job_id,worker_code,worker_id
3EG49X351YKM02M1R6VQZE23X1IX67,3ZRKL6Z1FBBDFUREJ7TOND2DE7RSG5,t00:gFPzR,A3GQR#####AQJY
3O6CYIULEH9SDD7CDJX7D12CRLVWUG,3ZRKL6Z1FBBDFUREJ7TOND2DE7RSG5,t00:ZRyN8,A3819#####M0T9
37Z929RLGDGK6JBET9XWBGDP2UTST7,3ZRKL6Z1FBBDFUREJ7TOND2DE7RSG5,t00:TNaJw,A3PKT#####WR97
3NG53N1RLZR4V73YYUI7PFCR1X3P81,3ZRKL6Z1FBBDFUREJ7TOND2DE7RSG5,dropped,A7UMU#####KNX
39LOEL67OWDXOIYB0WL0CC9QW1C384,3ZRKL6Z1FBBDFUREJ7TOND2DE7RSG5,t00:tzTZI,AKJ22#####IQX
3IXQG4FA2X625ILYKH6KUR2D4Z49BN,3ZRKL6Z1FBBDFUREJ7TOND2DE7RSG5,t00:MDEGQ,A272X#####FYLB
3HYA4D452VRHIFCF4AD13ULKDRL2F5,3ZRKL6Z1FBBDFUREJ7TOND2DE7RSG5,t00:O4Gwb,AKOOC#####15H
3QBD8R3Z25RLR64V7RFFJ3RWP8QO4V,3ZRKL6Z1FBBDFUREJ7TOND2DE7RSG5,t00:d03So,AECDI#####BY2
3PMBY0YE2BBLFND4YH2F5B8VMMLC9I,3ZRKL6Z1FBBDFUREJ7TOND2DE7RSG5,t00:aJ2LE,A33L6#####76DB
3EO896NRA01YYGIP3IYF2X8OEMYJT9,3NZ1E5QA727O9BBUOSYYC9O9S0SB5A,t00:Vz8GF,A30UE#####UCWX
3HFNH7HEMLKBFY0WE8JH0F5L2NMGQS,3NZ1E5QA727O9BBUOSYYC9O9S0SB5A,t00:5uvSM,A30KY#####7JER
3MH9DQ7570I37R7DVH3MAG2A58OUG7,3NZ1E5QA727O9BBUOSYYC9O9S0SB5A,t00:EODI8,A3V11#####S412
3GDTJDAPVYH514WM3H0CRT4I44W8M3,3NZ1E5QA727O9BBUOSYYC9O9S0SB5A,t00:2V7e5,A1YGF#####B30G
388U7OUMFB7EGV4BDLJEKDSARTQ0R3,3NZ1E5QA727O9BBUOSYYC9O9S0SB5A,t00:Wh1bs,A1578#####377Y
3JNQLM5FT8SA97CCNOQWHPCQIZRL2O,3NZ1E5QA727O9BBUOSYYC9O9S0SB5A,t00:zo2qy,AMPMT#####MK8
33C7UALJVP485FAXAVHE71GF6U818X,3NZ1E5QA727O9BBUOSYYC9O9S0SB5A,dropped,A2H26#####CIYC
340UGXU9D27MPOX8KC28AH5KSPGVU5,3NCN4N1H2JNSZ0H0SSUK6QOVJL0NBK,t00:8Fwfn,A1LRJ#####32TM
3MB8LZR5BJZ5QNG2CUW0HLYKZ1NKLN,3NCN4N1H2JNSZ0H0SSUK6QOVJL0NBK,t00:bWfjr,A1F2G#####WQ6M
3VJ40NV2QMTCZR9MJVQKATPADJJOTE,3NCN4N1H2JNSZ0H0SSUK6QOVJL0NBK,t00:s1J6e,A3K3Z#####R0ZH
30BXRYBRP83UZRRTAN05D4Z85RQHWC,3NCN4N1H2JNSZ0H0SSUK6QOVJL0NBK,t00:CGmBk,A2XUA#####1HQ5
308XBLVESMAF0I7LB1G34UOTIYYRBT,3NCN4N1H2JNSZ0H0SSUK6QOVJL0NBK,t00:9J5po,A1YFV#####CXSF
3U4J9857OIH5IZN62NIXZDXTHNJ7BR,3NCN4N1H2JNSZ0H0SSUK6QOVJL0NBK,t00:4HtQe,A2REV#####A1RR
3Z3ZLGNNSM0ALMO8JTCXHLGCYKHQ3Y,3NCN4N1H2JNSZ0H0SSUK6QOVJL0NBK,t00:QgPI6,A10AV#####R4UQ
3VE8AYVF8Q3ZVU45HUWZW3K975LF88,3NZ1E5QA727O9BBUOSYYC9O9S0SB5A,t00:loFdp,A15FX#####NW31
3RXCAC0YIVV59U00SE2HEOKL8K2G8P,3S4TINXCD3TAHLHCT7UXLFO09VBBOT,t00:DhihT,A1DIW#####9CMO
3NPFYT4IZGAVOV180ME9UN1EZTBXGE,3S4TINXCD3TAHLHCT7UXLFO09VBBOT,t00:14fPD,A1N7O#####03D8
32ZKVD547JTNHGMJ0BF7MWLDCLL3B6,3S4TINXCD3TAHLHCT7UXLFO09VBBOT,t00:GKdtc,A297O#####0XS3
3ERMJ6L4D2Y11QR3TC86DT8NTMAM7I,3S4TINXCD3TAHLHCT7UXLFO09VBBOT,t00:KVsbM,A3LVL#####1ZD7
3PQMUDRV7VCCURI8ROEBCPRFQU5IIZ,3S4TINXCD3TAHLHCT7UXLFO09VBBOT,t00:P5vi2,A22DF#####GRLV
3H7Z272LXBD61EDIPM18D2KJTBOPLO,3S4TINXCD3TAHLHCT7UXLFO09VBBOT,t00:0GKb5,A1F1O#####77D8
358010RM5IZE6SR3PHDVUO4OM97VXB,33KGGVH25XNWYWDCS1O4YG2KZNQX12,t00:1jBQm,A2NA2#####COZY
3BDCF01OG100AS5JG9XRQTDVXHZYL1,33KGGVH25XNWYWDCS1O4YG2KZNQX12,t00:TPgO5,A1FYW#####KN1O
3FK0YFF9P3MM23M8P2CD63736YZVV8,33KGGVH25XNWYWDCS1O4YG2KZNQX12,t00:h2aUA,APB33#####EWK
3PJ71Z61R888JKT7FNNS7XBQQ2A19A,33KGGVH25XNWYWDCS1O4YG2KZNQX12,dropped,A1UU2#####FEX1
3TY7ZAOG5JQSTRRGN1AHJ16WW4FK0J,33KGGVH25XNWYWDCS1O4YG2KZNQX12,t00:p9FsT,A1Z8A#####IV43
33LK57MYLXBNJVAEW4WBGM0SV5DSZ2,33KGGVH25XNWYWDCS1O4YG2KZNQX12,dropped,A258M#####6JEP
3JZQSN0I3UGEO9AN0S8NOG17VPPFGH,33KGGVH25XNWYWDCS1O4YG2KZNQX12,t00:I5Noe,A1ZN6#####VVAH
33C7UALJVP485FAXAVHE71GF6WT81T,33KGGVH25XNWYWDCS1O4YG2KZNQX12,t00:avXhv,A3NCE#####7GUI
3DR23U6WE9KQN0WXPHNO5HVW9IGTEK,33KGGVH25XNWYWDCS1O4YG2KZNQX12,t00:WIHct,A3RHJ#####GY2U
3OSWBBLG1I3SCBRHYWD1O2YHM25XDG,33KGGVH25XNWYWDCS1O4YG2KZNQX12,t00:tumSE,AMYUR#####C8T
3IRIK4HM3EQ5O417XD904J3F4YU6CV,33KGGVH25XNWYWDCS1O4YG2KZNQX12,t00:iKYln,A2ZXE#####1E16
3L4PIM1GQXMBDQ0WLTUNC5MU39QYRT,33KGGVH25XNWYWDCS1O4YG2KZNQX12,t00:2s6Pp,A1FNN#####BU8U
37ZHEEHM60S0F4JTNU3RHUZHTW273Y,33KGGVH25XNWYWDCS1O4YG2KZNQX12,t00:ZfTP9,A27SR#####XUHM
3C44YUNSI5VN32PQC53KUPCEK3UPDI,33KGGVH25XNWYWDCS1O4YG2KZNQX12,t00:lE61e,A2MSV#####3WIU
32XVDSJFP33UFPUXN0RBH2RFI7X2MT,33KGGVH25XNWYWDCS1O4YG2KZNQX12,t00:fF0B3,A3O0E#####CZ92
3ZR9AIQJUFF7FP2D29N1CKH0ZIQ40E,33KGGVH25XNWYWDCS1O4YG2KZNQX12,t00:GAxTH,A3MJC#####K0US
3PB5A5BD0ZC19GVHI9AB0OOQX19G7H,33KGGVH25XNWYWDCS1O4YG2KZNQX12,t00:Le0vi,APGX2#####WDN
32AT8R96GPF6XWG4QHX3ZULDTNYUSF,33KGGVH25XNWYWDCS1O4YG2KZNQX12,t00:0T4hq,A3J85#####FYW0
33FOTY3KEQRAHI0AR7XJ9NCYWNH1CV,33KGGVH25XNWYWDCS1O4YG2KZNQX12,t00:Cras7,AADRV#####H75
3QAVNHZ3EQAZEA7G03JBN7VOUQ1AL8,33KGGVH25XNWYWDCS1O4YG2KZNQX12,t00:6dikI,A2O7L#####IHAF
36AHBNMV1VIHCGHR3SZ37G5QO83DY6,33KGGVH25XNWYWDCS1O4YG2KZNQX12,t00:v6Tm3,A2E3S#####ENIR
3KJYX6QCMDHDB8ME8DYU3FW9BBXJVG,33KGGVH25XNWYWDCS1O4YG2KZNQX12,t00:lXFSv,A230G#####3SE7
3K5TEWLKGZHHGX28QVDUREH9YW9IV4,33KGGVH25XNWYWDCS1O4YG2KZNQX12,t00:N4LjV,A18XF#####1OL1
3OVHNO1VEA7HH6RWZE1MLNESU27DZX,33KGGVH25XNWYWDCS1O4YG2KZNQX12,t00:jJE4J,AZCGF#####O10
3G5W44VEUBOP4V2113ZK4TTC3LAGKO,33KGGVH25XNWYWDCS1O4YG2KZNQX12,t00:1wPwJ,AIVOF#####LGM
3E7TUJ2EGGS2BF9JVG7N8ZCZFZI9DD,33KGGVH25XNWYWDCS1O4YG2KZNQX12,t00:6LNKX,A3FBC#####Z05K
3E13VNJ1NR11ULMAJHT5KQAT9SZI1C,33KGGVH25XNWYWDCS1O4YG2KZNQX12,t00:YSRok,A3V1V#####YN17
3QECW5O0KL7QRH34EGUL1NPJWPOT5Q,33KGGVH25XNWYWDCS1O4YG2KZNQX12,t00:QSCKA,A30MP#####MIFD
3RUIQRXJBFUGATYKXU81WLBZO21LL2,33KGGVH25XNWYWDCS1O4YG2KZNQX12,t00:Lk8bk,A18QU#####Q8DF
3JJVG1YBEF3QVV9NEU301TJXQIPB5J,33KGGVH25XNWYWDCS1O4YG2KZNQX12,t00:OdiiJ,A21UA#####AIQJ
3MMN5BL1W3AJ07QGR05G0CW7OLZM3Q,33KGGVH25XNWYWDCS1O4YG2KZNQX12,t00:gM3uv,A379F#####3SVU
3Q8GYXHFET89501TSUZVCDPF83OC5Q,33KGGVH25XNWYWDCS1O4YG2KZNQX12,dropped,A3JNS#####X3D7
3A0EX8ZRNCUOXJJ7PW8XCQHQLNRYBK,33KGGVH25XNWYWDCS1O4YG2KZNQX12,t00:pxcsx,A320Q#####UOZO
33LK57MYLXBNJVAEW4WBGM0SV5HSZ6,33KGGVH25XNWYWDCS1O4YG2KZNQX12,dropped,A3SCS#####P3LB
3IAEQB9FMIQDNBMRORHFMJKAD03DW7,33KGGVH25XNWYWDCS1O4YG2KZNQX12,t00:mTN0e,A3IE3#####XFGN
3IXQG4FA2X49WIBZHKGHD9OZCE99B9,33KGGVH25XNWYWDCS1O4YG2KZNQX12,t00:xvdYT,A1EN3#####SXQQ
3TU5ZICBRH7WMJUEVA7T82ONE8QQ8B,33KGGVH25XNWYWDCS1O4YG2KZNQX12,t00:dhikR,A14WL#####EKO0
3GA6AFUKOSUX8TP503P387OB7Z3H3F,33KGGVH25XNWYWDCS1O4YG2KZNQX12,t00:5TN98,A2XQ3#####ZNYB
379J5II41SM24NOSG8LXJQLFF52ELA,33KGGVH25XNWYWDCS1O4YG2KZNQX12,t00:pKgFx,A25KG#####OAOJ
3LBXNTKX0V1G9LE0MG8Z26FRVHX9XI,33KGGVH25XNWYWDCS1O4YG2KZNQX12,t00:PhB4d,ASVRL#####UD9
38F71OA9GX2EGJ69BV6I1LL4RB8MF3,33KGGVH25XNWYWDCS1O4YG2KZNQX12,t00:0CvNc,A1CE3#####PXSS
3S96KQ6I9QALVUIXTMC4ZZDB96FTDR,33KGGVH25XNWYWDCS1O4YG2KZNQX12,t00:xbUpI,A3RVX#####ATQ
337RC3OW098J6YAEBYA7JU91F05VLX,33KGGVH25XNWYWDCS1O4YG2KZNQX12,t00:vO1fp,A2N9U#####DQ9F
33PPO7FECZLVMG2MZAD0LSB2YP8DI3,33KGGVH25XNWYWDCS1O4YG2KZNQX12,t00:ghe9D,A2IP3#####V8M9
3Q8GYXHFET89501TSUZVCDPF83OC5Q,33KGGVH25XNWYWDCS1O4YG2KZNQX12,t00:KWB8Q,A3A82#####Q2CV
3F0BG9B9MTT1V7GHCFWH7OVU2X27Y9,33KGGVH25XNWYWDCS1O4YG2KZNQX12,t00:XGTtM,A1WL3#####EOWP
3Y4W8Q93L3Q08MMMYHCJ0H1W6RWVDA,33KGGVH25XNWYWDCS1O4YG2KZNQX12,t00:XLFG2,A1Q4Z#####7K6I
3XIQGXAUMGECV2Q77JAFOAOL0RB7X6,33KGGVH25XNWYWDCS1O4YG2KZNQX12,t00:AdR20,A2287#####EZ56
3COPXFW7XFIVH8V04MP7Y2744C3KP2,33KGGVH25XNWYWDCS1O4YG2KZNQX12,t00:nY6FC,AXY0D#####E2A
3WLEIWSYHSN8NBTMW3BYPXJJ1L4H25,33KGGVH25XNWYWDCS1O4YG2KZNQX12,t00:OxQbr,AB5T5#####D47
3X66WABAJ0OJ8XUUGX7LN7CASZPG3E,33KGGVH25XNWYWDCS1O4YG2KZNQX12,t00:7UEPu,A2Y5I#####FR8H
3SNVL38CI8YCNJMWZH31E28X5TJKCJ,33KGGVH25XNWYWDCS1O4YG2KZNQX12,dropped,AWVIO#####NVU
3U0SRXB7CHBH1RWIERLCVPONZPXNR3,33KGGVH25XNWYWDCS1O4YG2KZNQX12,t00:2l0PP,A2QNV#####UVMU
3FIJLY1B6YAK1M3M3BYAIPFZWGIFPR,33KGGVH25XNWYWDCS1O4YG2KZNQX12,t00:OTf18,A25R2#####Q1OW
3OJSZ2ATDW23TJ6X1DRKWRX17S557Y,33KGGVH25XNWYWDCS1O4YG2KZNQX12,dropped,A3T28#####TOIZ
3DH6GAKTY2VKFHMNVAO0Y8OTCQDZYR,33KGGVH25XNWYWDCS1O4YG2KZNQX12,t00:V0XMI,AWCET#####7N4
39N5ACM9HITB0CC90PYI8TTOTIP9PV,33KGGVH25XNWYWDCS1O4YG2KZNQX12,t00:XZ4Sv,A13FU#####LBUY
3EQHHY4HQWYMMCHYUGVE24AU6VPG5D,33KGGVH25XNWYWDCS1O4YG2KZNQX12,t00:Tx3oO,A16RL#####18F5
3FPRZHYEP2D2QUKP5S67N8FKFEMV3R,33KGGVH25XNWYWDCS1O4YG2KZNQX12,t00:XGJLA,A2NY4#####7O1C
3TS1AR6UQUKVVGZM7P4TI3OEWMMF7U,33KGGVH25XNWYWDCS1O4YG2KZNQX12,dropped,A3MCG#####EZR8
3ERMJ6L4D2Y11QR3TC86DT8NTNY7MT,33KGGVH25XNWYWDCS1O4YG2KZNQX12,t00:sXjHO,A2LV5#####1S39
3U5JL4WY5OFFCF8O5LC8LY4B9PRX4I,33KGGVH25XNWYWDCS1O4YG2KZNQX12,t00:MKjUH,AS4E9#####O5Z
3LWJHTCVCGS51Y413ODZIU591CEFQS,33KGGVH25XNWYWDCS1O4YG2KZNQX12,t00:e6S2X,A2UZT#####UBGE
3VHHR074H7NHV89IT07RDGTYTI87LR,33KGGVH25XNWYWDCS1O4YG2KZNQX12,t00:0PYqz,A3BLJ#####ZC9U
3MX2NQ3YCD0X8YCOJQVIQQAP9LM5XV,33KGGVH25XNWYWDCS1O4YG2KZNQX12,t00:YgCBh,A59L6#####C3V
35LDD5557EAPW5YNC6XFHYD9Z7ZKMD,33KGGVH25XNWYWDCS1O4YG2KZNQX12,t00:GeEES,A1B14#####7008
32KTQ2V7RHL5F9FW896QRPZTODN9M8,33KGGVH25XNWYWDCS1O4YG2KZNQX12,t00:dufoP,A17FG#####9RZA
386CSBG1O3S9I5BQ2VAVOOSW8DC6QH,33KGGVH25XNWYWDCS1O4YG2KZNQX12,t00:COgSz,A2BRZ#####AVER
39DD6S19JTHM9C5WV9C6R5WDUEJZEN,33KGGVH25XNWYWDCS1O4YG2KZNQX12,t00:ZX6lI,A2QG8#####6F9P
3FIJLY1B6YAK1M3M3BYAIPFZWGLFPU,33KGGVH25XNWYWDCS1O4YG2KZNQX12,t00:f8wdt,A128D#####4LOJ
3AQF3RZ55COCRGLHOFZ1CPOI1B2F6V,33KGGVH25XNWYWDCS1O4YG2KZNQX12,t00:dfcCn,A3G6L#####KR7F
3VHP9MDGRRQ17XUIY6C4YPGSXXDCFK,33KGGVH25XNWYWDCS1O4YG2KZNQX12,t00:3naqN,A2DZ1#####LUVY
3MHW492WW4J3CGSZBABMJ7OQF59VMD,33KGGVH25XNWYWDCS1O4YG2KZNQX12,t00:tiM8v,A3P42#####PWIB
33CKWXB73NQQUFQCBA8ZSRT7SQ911O,3QHITW7OZRF8JNP026M5F9ZU6EEQAR,t00:wCH9U,ABUF5#####JQO
36DSNE9QZ94ILODH71CG8N21FIIJOW,3QHITW7OZRF8JNP026M5F9ZU6EEQAR,t00:qMnuI,A2NI2#####FE1S
34X6J5FLPX4L60QXME4KXSX1UJ0JQ4,3QHITW7OZRF8JNP026M5F9ZU6EEQAR,t00:qGCvT,A1R9Z#####DXLM
3I0BTBYZA1RNDWGXRGB8S9L7UJC0YI,3QHITW7OZRF8JNP026M5F9ZU6EEQAR,t00:MsOUo,A2XQ3#####T2ZQ
37ZHEEHM60S0F4JTNU3RHUZHTWN73J,3QHITW7OZRF8JNP026M5F9ZU6EEQAR,t00:RyKc8,A1NB2#####7JEG
3VA45EW49RTBQ7XDHC6A4N6FL1JO1Y,3QHITW7OZRF8JNP026M5F9ZU6EEQAR,t00:NDGRH,A1EPE#####9XO2
39DD6S19JTHM9C5WV9C6R5WDUEPZET,3QHITW7OZRF8JNP026M5F9ZU6EEQAR,t00:JQjd8,A26VF#####XWSX
3LJ7UR74RLJA0LUK3FPZNWDD7BO4NC,3QHITW7OZRF8JNP026M5F9ZU6EEQAR,t00:1K1iD,A1P47#####LQ6P
37Z929RLGDERXJ1FQC7TUYZBA9CTS8,3QHITW7OZRF8JNP026M5F9ZU6EEQAR,t00:YzMat,A2FOU#####HIE0
3P1L2B7AD5VOGE1HAMOTO2FTJ7NLO0,3QHITW7OZRF8JNP026M5F9ZU6EEQAR,t00:ESXCU,A3BHR#####X3GO
3W92K5RLWYN5497TJBU025D4TAKV5O,3QHITW7OZRF8JNP026M5F9ZU6EEQAR,t00:otiuH,A30PN#####8SKY
3N4BPTXIOCY89D3WL8O188U3CT6UKJ,3QHITW7OZRF8JNP026M5F9ZU6EEQAR,t00:01MMq,AR8MB#####NDR
3EA3QWIZ4M1235YJL0DFQWTO1BBTIH,3QHITW7OZRF8JNP026M5F9ZU6EEQAR,t00:uyCnt,A2QPM#####LUW2
3IHR8NYAMB7A366XJU2RRLI87QP4P8,3QHITW7OZRF8JNP026M5F9ZU6EEQAR,t00:Rahom,A38DH#####8DL8
30LSNF239Y18J6462LTJP9KY1YY2IY,3QHITW7OZRF8JNP026M5F9ZU6EEQAR,t00:UZRiv,AM4RU#####E8L
3KRVW3HTZRRNKOBVHF6H8K4JG1GMS0,3QHITW7OZRF8JNP026M5F9ZU6EEQAR,t00:CKtHb,A1C2T#####HE39
373ERPL3YSEFW412BN7O4OUFO7TTRK,3QHITW7OZRF8JNP026M5F9ZU6EEQAR,t00:Jb7HZ,AMELY#####KB0
3TESA3PJ35GKMTYQXIAVWB5DOCYMMO,3QHITW7OZRF8JNP026M5F9ZU6EEQAR,t00:vl2KT,A1YCG#####CNBH
30ZX6P7VFC14EHOCK3EJ1AZYEDN2JA,3QHITW7OZRF8JNP026M5F9ZU6EEQAR,t00:Ae9Pr,A156M#####XMR2
3300DTYQT6NDVK458DTT0CK9PB5EQF,3QHITW7OZRF8JNP026M5F9ZU6EEQAR,t00:C4ak6,A1UZY#####SQ1P
3QIYRE09Y7NT8MX1GX6XPY6AVRF1NX,3QHITW7OZRF8JNP026M5F9ZU6EEQAR,t00:YP8LW,AIK9I#####848
3IJXV6UZ11PPNQLRHB8KQHS6DQDRI1,3QHITW7OZRF8JNP026M5F9ZU6EEQAR,t00:6vn0Z,A1ATL#####FW4V
3OVR4I9USTPV3I7CJ7HGRQ8ICMB4QZ,3QHITW7OZRF8JNP026M5F9ZU6EEQAR,t00:zNfZ1,A3HQX#####KT4F
3SNLUL3WO8TJTJLE6802N87I1TBULM,3QHITW7OZRF8JNP026M5F9ZU6EEQAR,t00:XIOlX,AOTSR#####XS1
38F5OAUN5RIF9CQS2FSTLO0RC167HR,3QHITW7OZRF8JNP026M5F9ZU6EEQAR,t00:dxQOr,A8RAY#####BQD
3MAOD8E57UG1YNIUNQR4K7AB06SXNJ,3QHITW7OZRF8JNP026M5F9ZU6EEQAR,t00:gK72U,A1YFR#####JYUN
33LKR6A5KIQR3Z2LDTS9YXC2K911TY,3QHITW7OZRF8JNP026M5F9ZU6EEQAR,t00:l2t2w,A3P6C#####UX43
3BEFOD78WAZ4I39KREAZAHOD2LE4MC,3QHITW7OZRF8JNP026M5F9ZU6EEQAR,t00:FORoP,A228Y#####B7J2
3RWE2M8QWLGT1XCJKE2XBTN0QZ90NT,3QHITW7OZRF8JNP026M5F9ZU6EEQAR,t00:n6Lb1,A5LUU#####O8K
32VNZTT0ABAVFJMCWM6GWGIN88D4R0,3QHITW7OZRF8JNP026M5F9ZU6EEQAR,t00:Yalsn,A3J37#####IYDR
30X31N5D67WMIN26KCGCZT9JMKTAS6,3QHITW7OZRF8JNP026M5F9ZU6EEQAR,t00:ca3Pd,A1AJM#####YOAN
36TFCYNS48G9ORWJKSWRFNDFEUKXHB,3QHITW7OZRF8JNP026M5F9ZU6EEQAR,t00:KVo2M,ATK8J#####XTT
3U0SRXB7CHBH1RWIERLCVPONZP8RNI,3QHITW7OZRF8JNP026M5F9ZU6EEQAR,t00:5XcqJ,A1OIB#####4R5K
3G2UL9A02HKZCN6B6W1POXB13NQ76Q,3QHITW7OZRF8JNP026M5F9ZU6EEQAR,t00:fxzAr,AQKN1#####C29
3634BBTX0S0SK0GIQG8Q9SENA24IFZ,3QHITW7OZRF8JNP026M5F9ZU6EEQAR,t00:eEHl6,A2VA7#####NEM1
35LDD5557EAPW5YNC6XFHYD9Z73MKJ,3QHITW7OZRF8JNP026M5F9ZU6EEQAR,t00:EUv1M,A3TQU#####YUUE
3WJEQKOXAC8MO33C7T1S3SMAWKG1AD,3QHITW7OZRF8JNP026M5F9ZU6EEQAR,t00:jKNuo,A23HZ#####K2DA
3E7TUJ2EGGS2BF9JVG7N8ZCZFZ2D91,3QHITW7OZRF8JNP026M5F9ZU6EEQAR,dropped,A3HAE#####PT6A
31EUONYN2Z9RCJDBOQQZBBDVA5ROVO,3QHITW7OZRF8JNP026M5F9ZU6EEQAR,t00:zANAG,A25CZ#####F4UV
37TRT2X24UXY2UO83W7U23228J2BJN,3QHITW7OZRF8JNP026M5F9ZU6EEQAR,t00:FsEBK,A1I3Q#####ACFR
3X3OR7WPZ36LVME135ZXRGPT42ML80,3QHITW7OZRF8JNP026M5F9ZU6EEQAR,t00:IBjin,A37AL#####LQQ3
3QILPRALQ91BJMHMFIFC48TI9XLN83,3QHITW7OZRF8JNP026M5F9ZU6EEQAR,t00:YneqM,A2R0Y#####Z30S
3RRCEFRB7QI8ZC5N0PKQW1DJQMB4BO,3QHITW7OZRF8JNP026M5F9ZU6EEQAR,t00:mj8R6,A39VR#####589F
3IGI0VL64BQE4E42MZ481UJIO2QNO7,3QHITW7OZRF8JNP026M5F9ZU6EEQAR,t00:U1A25,A20JF#####42HB
33CUSNVVNRIQGFUI9GQTMB3NK2N881,3QHITW7OZRF8JNP026M5F9ZU6EEQAR,t00:VOgqU,A3DUP#####9W5R
35K3O9HUAFJG4VEWUXIZODGVI9VEFK,3QHITW7OZRF8JNP026M5F9ZU6EEQAR,t00:Wllce,A4J4G#####8L0
3JAOYWH7VMAL9RXB8X5BRCK4O84L9P,3QHITW7OZRF8JNP026M5F9ZU6EEQAR,t00:veXjR,AJQGW#####T4Y
3QY5DC2MXVQXTRBIKXX4SV2Y4XSFU5,3QHITW7OZRF8JNP026M5F9ZU6EEQAR,t00:99Rj0,AYYSG#####U15
3OVR4I9USTPV3I7CJ7HGRQ8ICMC4Q0,3QHITW7OZRF8JNP026M5F9ZU6EEQAR,t00:C4OFV,A2XHD#####A5Z6
36NEMU28XJJGR5S41KGI5974MEFMWI,3QHITW7OZRF8JNP026M5F9ZU6EEQAR,t00:sJF4F,A28J7#####9DC3
31HQ4X3T3WG3E6TAH35287PUGWQLSX,3QHITW7OZRF8JNP026M5F9ZU6EEQAR,t00:Mc0jB,A36UN#####D99W
3K9FOBBF2LP6YT1597OG9DFOTXLNLQ,3QHITW7OZRF8JNP026M5F9ZU6EEQAR,t00:KnAxf,A225S#####9EIU
3Z7VU45IP2NNPBBKJLHRKLDJ55MZ1B,3QHITW7OZRF8JNP026M5F9ZU6EEQAR,t00:T4E1K,A36KZ#####GRYW
384PI804XW7QHA4OSAJJANX6DYJ0S7,3QHITW7OZRF8JNP026M5F9ZU6EEQAR,t00:fcfui,A1SXC#####IYL2
31LVTDXBLBGRDRTX2E5XIXKYUU7LR9,3QHITW7OZRF8JNP026M5F9ZU6EEQAR,t00:pRQ9n,A38ZV#####34IZ
3L70J4KAZKSGGYJONMLN4UNJLHKDAG,3QHITW7OZRF8JNP026M5F9ZU6EEQAR,t00:f26wf,A1YT9#####EGX1
3ZSANO2JCJDHEEJEVS24DUKAJ05FSN,3QHITW7OZRF8JNP026M5F9ZU6EEQAR,t00:xqtvJ,AO32G#####YY7
3QAVNHZ3EQAZEA7G03JBN7VOUQMLA4,3QHITW7OZRF8JNP026M5F9ZU6EEQAR,t00:2we2S,A1SWV#####25S1
37FMASSAYGX27J42LEMUQ2N2V4DBIB,3QHITW7OZRF8JNP026M5F9ZU6EEQAR,t00:HvwBA,A1LUQ#####MYNI
34V1S5K3GW73Q6U4LTZ92T27YDF692,3QHITW7OZRF8JNP026M5F9ZU6EEQAR,t00:dX3R9,A2G4L#####Z28Y
3BEFOD78WAZ4I39KREAZAHOD2LEM4U,3QHITW7OZRF8JNP026M5F9ZU6EEQAR,t00:RW9eU,AMIQG#####YO4
3DHE4R9OC0HUNFYBCXTG4X7IML8G2M,3QHITW7OZRF8JNP026M5F9ZU6EEQAR,t00:uik3d,AAO2L#####Y1J
3YJ6NA41JFM06OPIM1PVXN7RPNEJPD,3QHITW7OZRF8JNP026M5F9ZU6EEQAR,dropped,A6FFQ#####0SC
3U8YCDAGXTME4UPB06UEFNI5VAYQ08,3QHITW7OZRF8JNP026M5F9ZU6EEQAR,t00:v88es,A3DDY#####LJW
37Z929RLGDERXJ1FQC7TUYZBA9FSTA,3QHITW7OZRF8JNP026M5F9ZU6EEQAR,t00:yBoOw,A2C7W#####HKCS
30IQTZXKAOCYDRQNMKP69VEYSDM0XG,3QHITW7OZRF8JNP026M5F9ZU6EEQAR,t00:xR9y3,A3D6V#####QF3D
3N2BF7Y2VU0YUFXF6LUI46XH7QZMHF,3QHITW7OZRF8JNP026M5F9ZU6EEQAR,t00:e3Eib,A1JQ2#####97R3
3G2UL9A02HKZCN6B6W1POXB13NT67S,3QHITW7OZRF8JNP026M5F9ZU6EEQAR,t00:nI4MV,AMLE1#####VL8
369J354OFHGI5GHCZZ5JUAOU2QC6GV,3QHITW7OZRF8JNP026M5F9ZU6EEQAR,t00:FJu9P,A1X2J#####AVX
3Y4W8Q93L3Q08MMMYHCJ0H1W6RNDVJ,3QHITW7OZRF8JNP026M5F9ZU6EEQAR,t00:c6ma7,AU2NV#####49C
39L1G8WVWUXM4I4RYEMIGK84QAR13K,3QHITW7OZRF8JNP026M5F9ZU6EEQAR,t00:PgrqN,AENW8#####H8S
3AMYWKA6YFS6XTYANIIRZJXWTC36OI,3QHITW7OZRF8JNP026M5F9ZU6EEQAR,dropped,AULU4#####1CW
3MD9PLUKKMKQ3II9O8FPHSQM86UZNM,3QHITW7OZRF8JNP026M5F9ZU6EEQAR,t00:5hA5v,A1B9H#####4C0G
3YDTZAI2W1M7MENVYSR1QP0A4AN145,3QHITW7OZRF8JNP026M5F9ZU6EEQAR,t00:cHGhG,A1P0M#####ZIDK
384PI804XW7QHA4OSAJJANX6DYK0S8,3QHITW7OZRF8JNP026M5F9ZU6EEQAR,dropped,A5N55#####4G2
3Q5C1WP23Q7PIXRVCXABVH6O46I15A,3QHITW7OZRF8JNP026M5F9ZU6EEQAR,t00:swSIA,AENJ7#####NYX
3LO69W1SU7J0O1KJM3BLJT6RSLZLGG,3QHITW7OZRF8JNP026M5F9ZU6EEQAR,t00:2WPKj,A1815#####Z7JH
3II4UPYCOND83EQ5CII9UU2OPZ8QD2,3QHITW7OZRF8JNP026M5F9ZU6EEQAR,t00:o5QEe,AOSLT#####476
3X08E93BHZOG8NS6NMWXIJB58C966T,3QHITW7OZRF8JNP026M5F9ZU6EEQAR,t00:WllfA,A1Y66#####8PJA
3WS1NTTKE2IHD5Z2MQJK3OERO8R0FQ,3QHITW7OZRF8JNP026M5F9ZU6EEQAR,t00:AOBbh,A1WRN#####NGRV
3OLF68YTND7DEIXKESGDSUQ4XU2FAV,3QHITW7OZRF8JNP026M5F9ZU6EEQAR,t00:U0er6,A1M8I#####7NRQ
3WYGZ5XF30LSU0BSW3T1T7CFRWQKSY,3QHITW7OZRF8JNP026M5F9ZU6EEQAR,t00:92E6V,A1IZX#####APAQ
3H7Z272LXBD61EDIPM18D2KJTCNPLP,3QHITW7OZRF8JNP026M5F9ZU6EEQAR,t00:PhOZM,AFK9A#####PNG
33CID57108ZZUP8VRO410ZHIOGW3LS,3QHITW7OZRF8JNP026M5F9ZU6EEQAR,t00:F493g,A9VK6#####NVB
3E13VNJ1NR11ULMAJHT5KQAT9SOI11,3QHITW7OZRF8JNP026M5F9ZU6EEQAR,t00:radQL,A1SJR#####SDH4
31JLPPHS2Y070ABS4GKTSGLCJL13O9,3QHITW7OZRF8JNP026M5F9ZU6EEQAR,t00:QzWRw,A3GMR#####QVGV
39RP059MELZO32UT6TKMIVUJCD0MB5,3QHITW7OZRF8JNP026M5F9ZU6EEQAR,t00:OIiSD,A296K#####DYIX
3F6KKYWMNF7N0HDDWQQSQ07JKOLDN2,3QHITW7OZRF8JNP026M5F9ZU6EEQAR,t00:TysDa,A3AY0#####WNXY
3PPTZCWALUQB6FV14076LMLRDHHZQ9,3QHITW7OZRF8JNP026M5F9ZU6EEQAR,t00:ZDCLH,A2ZQC#####JZF
3YMTUJH0DWM8VYZ40BBBWVJ5WTET46,3QHITW7OZRF8JNP026M5F9ZU6EEQAR,t00:XSzls,A3MW1#####MMGE
3Z2R0DQ0JLKW312K623S4UM695WE26,3QHITW7OZRF8JNP026M5F9ZU6EEQAR,t00:ZvqOX,AZGF8#####X6K
3LO69W1SU7J0O1KJM3BLJT6RSL3LGK,3QHITW7OZRF8JNP026M5F9ZU6EEQAR,t00:GuwPM,AAXX5#####2F8
36W0OB37H0KYTMWYLAKCC8TQMUMHZW,3QHITW7OZRF8JNP026M5F9ZU6EEQAR,t00:qB1OY,A2XU5#####XT9J
3QBD8R3Z25PSI6UW4UPC2LDIXL14OZ,3QHITW7OZRF8JNP026M5F9ZU6EEQAR,t00:DCe8Z,A1X8G#####6KMK
3PJUZCGDJAMQUKDSE8W7M7YY4CO98I,36FFXPMSUCUK8YKYTZ4T7QRY494HO5,dropped,A22TV#####O7T8
3ZV9H2YQQHDF5JKUV2B39AYYMRH3WA,36FFXPMSUCUK8YKYTZ4T7QRY494HO5,dropped,A2B63#####CC7U
386PBUZZXJ3AF3AKU9WOG6Y7KHZLJB,36FFXPMSUCUK8YKYTZ4T7QRY494HO5,t00:EUvWI,A2VFE#####1E1O
35DR22AR5HQUUJPK577PBTC5VTNX3X,36FFXPMSUCUK8YKYTZ4T7QRY494HO5,t00:wL1iB,A1A1Z#####4YR8
3ZV9H2YQQHDF5JKUV2B39AYYMRH3WA,36FFXPMSUCUK8YKYTZ4T7QRY494HO5,t00:ZMuFj,AQOXS#####TSW
3L70J4KAZKSGGYJONMLN4UNJLL5DA9,36FFXPMSUCUK8YKYTZ4T7QRY494HO5,t00:3yJNW,A1X2J#####05TD
3VAR3R6G1T7T17HYGXFPJXTNZBAO8B,36FFXPMSUCUK8YKYTZ4T7QRY494HO5,t00:ZpODK,A3H07#####BYOM
3IFS6Q0HJMP1O5L4W08PGRX2ZWKISC,36FFXPMSUCUK8YKYTZ4T7QRY494HO5,dropped,AETJ6#####61I
3IFS6Q0HJMP1O5L4W08PGRX2ZWKISC,36FFXPMSUCUK8YKYTZ4T7QRY494HO5,t00:u1cBi,A2IGP#####FV3D
33SA9F9TR10IFH0RKMSZS12VDGAWEX,36FFXPMSUCUK8YKYTZ4T7QRY494HO5,t00:Jeico,A2FAR#####4AU8
3RUIQRXJBFUGATYKXU81WLBZO64LLD,36FFXPMSUCUK8YKYTZ4T7QRY494HO5,t00:woVTg,A3U6I#####FZ2M
3Q5C1WP23Q7PIXRVCXABVH6O4A0514,36FFXPMSUCUK8YKYTZ4T7QRY494HO5,t00:BHCvU,A1601#####AQOI
3TDXMTX3CF0W17N7PN5MFM1AH7L6IC,36FFXPMSUCUK8YKYTZ4T7QRY494HO5,t00:5f5yG,A3DHA#####SE9V
339ANSOTR9830M8WRRZNP56SI27KIX,36FFXPMSUCUK8YKYTZ4T7QRY494HO5,t00:a1Eqb,A3FOK#####I4FR
379J5II41SM24NOSG8LXJQLFF93ELJ,36FFXPMSUCUK8YKYTZ4T7QRY494HO5,t00:TDaxX,A1UGF#####TKA0
3IUZPWIU1SDL1HS1G832QWF0XD5KW4,36FFXPMSUCUK8YKYTZ4T7QRY494HO5,dropped,A3B9F#####TREE
3QFUFYSY92LYCTH35R6MFR445OUF4G,36FFXPMSUCUK8YKYTZ4T7QRY494HO5,t00:pLQMU,A2EZN#####RTNR
3RSDURM96ESM4MVRZNANDYNBOO9YEX,36FFXPMSUCUK8YKYTZ4T7QRY494HO5,t00:qwf2V,A1VVE#####SHX0
3W2LOLRXLFLGTLBFHETW3X7J5YUKR5,36FFXPMSUCUK8YKYTZ4T7QRY494HO5,t00:Vkj9g,A18AP#####IFW1
3N4BPTXIOCY89D3WL8O188U3CX1KUC,36FFXPMSUCUK8YKYTZ4T7QRY494HO5,t00:GxlWT,ARI1E#####9PO
3GU1KF0O4M7UO5R6Y9CEZZOEHMWBPJ,36FFXPMSUCUK8YKYTZ4T7QRY494HO5,t00:zBgAZ,ANFWG#####RZ
33F859I56AJ2BOTIFW49QQMNVVRHBP,36FFXPMSUCUK8YKYTZ4T7QRY494HO5,dropped,A3E6H#####ZCV6
3BEFOD78WAZ4I39KREAZAHOD2PAM4Y,36FFXPMSUCUK8YKYTZ4T7QRY494HO5,t00:2jA9J,A2UUZ#####UTFX
3LOZAJ85YHJ591T117TKSJ7DPFT2XX,36FFXPMSUCUK8YKYTZ4T7QRY494HO5,t00:PK8TA,A3U21#####NGT2
3TESA3PJ35GKMTYQXIAVWB5DOGWMMU,36FFXPMSUCUK8YKYTZ4T7QRY494HO5,t00:Z1h42,A1HH3#####P6KP
3Z7VU45IP2NNPBBKJLHRKLDJ59K1ZJ,36FFXPMSUCUK8YKYTZ4T7QRY494HO5,t00:27SdE,ASTY1#####RSV
manual,3NCN4N1H2JNSZ0H0SSUK6QOVJL0NBK,,A28JA#####GGAZ
manual,33KGGVH25XNWYWDCS1O4YG2KZNQX12,,A2DN5#####049T
manual,33KGGVH25XNWYWDCS1O4YG2KZNQX12,,A2D32#####IRH
manual,3QHITW7OZRF8JNP026M5F9ZU6EEQAR,,A15QY#####I9AU
manual,3QHITW7OZRF8JNP026M5F9ZU6EEQAR,,A2DFG#####VQ75
manual,3QHITW7OZRF8JNP026M5F9ZU6EEQAR,,A100W#####OZ5O
manual,33KGGVH25XNWYWDCS1O4YG2KZNQX12,,A29SM#####K9NU
manual,3OB6JN3AATX16PNNFLREA8HEORKMRJ,,A2APG#####6G2K
manual,33KGGVH25XNWYWDCS1O4YG2KZNQX12,,A2CWJ#####44HU
manual,33KGGVH25XNWYWDCS1O4YG2KZNQX12,,AOOLS#####L0Z
manual,3QHITW7OZRF8JNP026M5F9ZU6EEQAR,,A140Y#####CPOF
manual,3QHITW7OZRF8JNP026M5F9ZU6EEQAR,,A1TQB#####1A0T
manual,3QHITW7OZRF8JNP026M5F9ZU6EEQAR,,AHUO0#####J8H
manual,36FFXPMSUCUK8YKYTZ4T7QRY494HO5,,A2GA2#####W2W
38YMOXR4MY5E227CE491GDAIZDXW6G,34HEO7RUH908VO40FLB5KZ9Z2IARAN,t10:jsd0H,A2W3A#####J861
33PPO7FECZLVMG2MZAD0LSB21OTDIP,34HEO7RUH908VO40FLB5KZ9Z2IARAN,t10:ciNaz,A1TSV#####NTR4
3GNA64GUZIADZ1BCXC0QWIEWFHDQ5Y,34HEO7RUH908VO40FLB5KZ9Z2IARAN,t10:rBkBU,AT6LD#####USE
3BV8HQ2ZZ07HVP49DZD9YODR7V5A6W,34HEO7RUH908VO40FLB5KZ9Z2IARAN,t10:hF2WV,A3C0N#####FTZQ
3B3WTRP3DF8F85B3YRN6CGLVL8B29I,34HEO7RUH908VO40FLB5KZ9Z2IARAN,t10:WXU09,A26LO#####ZZCO
3BDCF01OG100AS5JG9XRQTDV0OLLYR,34HEO7RUH908VO40FLB5KZ9Z2IARAN,t10:y8gsN,A2JDY#####M5UN
3NS0A6KXC8EKTQ1N142UR8HPA13GZ7,34HEO7RUH908VO40FLB5KZ9Z2IARAN,t10:pvDcR,AEWT7#####L5V
3CTOC39K3BWB0ILIQFVEX1G6S1K7JP,3M4KL7H8LYTJFHTGREFEY3P023061U,t10:A3nlF,A1N16#####QEY6
3PPTZCWALUQB6FV14076LMLRGPPZQ0,3M4KL7H8LYTJFHTGREFEY3P023061U,dropped,AJRY9#####69Y
3CFJTT4SXXWF571C8XAEL016FMV7ID,3M4KL7H8LYTJFHTGREFEY3P023061U,t10:qvn9j,A3UQ9#####VQKR
3PPTZCWALUQB6FV14076LMLRGPPZQ0,3M4KL7H8LYTJFHTGREFEY3P023061U,t10:lM8Ct,A1XE5#####O5HH
3CPLWGV3MS5BXR0WKALQ44OTWBE9N8,3M4KL7H8LYTJFHTGREFEY3P023061U,t10:5Ep1h,A200R#####4AJ8
33LKR6A5KIQR3Z2LDTS9YXC2NHF1TV,3M4KL7H8LYTJFHTGREFEY3P023061U,t10:WCaNM,A3UEE#####25TS
3AMYWKA6YFS6XTYANIIRZJXWWKEO6U,3M4KL7H8LYTJFHTGREFEY3P023061U,t10:UFCev,A2UP4#####92NV
3LEIZ60CDN55EGEFNYWKZRV26V8Z9D,3M4KL7H8LYTJFHTGREFEY3P023061U,dropped,A2RVD#####ZF9P
3LEIZ60CDN55EGEFNYWKZRV26V8Z9D,3M4KL7H8LYTJFHTGREFEY3P023061U,t10:49WBV,A11C2#####G6JK
31Z0PCVWUOL5ELHN299IZ73FQAAT7T,3M4KL7H8LYTJFHTGREFEY3P023061U,t10:7QvHU,A3KQT#####8T1Z
3CPLWGV3MS5BXR0WKALQ44OTXK2N9T,3ICOHX7EOFHNL71D1DUCWMY3EAAE0E,t10:8eK9n,ACRBW#####8F5
31IBVUNM9W5X660IPN79OH4HMLZVFA,3ICOHX7EOFHNL71D1DUCWMY3EAAE0E,t10:PVtY2,ALVDN#####YTS
37M28K1J0UJTJKJGXI7Y7SIWUIHJA2,3ICOHX7EOFHNL71D1DUCWMY3EAAE0E,t10:l8r0v,A4SC8#####GEG
32KTQ2V7RHL5F9FW896QRPZTSUUM9U,3ICOHX7EOFHNL71D1DUCWMY3EAAE0E,dropped,A3TPW#####DUFI
3LWJHTCVCGS51Y413ODZIU595TNFQ3,3ICOHX7EOFHNL71D1DUCWMY3EAAE0E,t10:bYCJ8,A1OZN#####LC9V
378XPAWRUGJXO9ZAF0MYVR3WH3UIAR,3ICOHX7EOFHNL71D1DUCWMY3EAAE0E,t10:wzxrQ,A1C7X#####D8JE
3U5NZHP4LV84FIUSY1MALARCGCFPHL,3ICOHX7EOFHNL71D1DUCWMY3EAAE0E,dropped,A1MPL#####0FSR
3P4MQ7TPP1ISKBQWF4UD4FJP4VRBB2,3ICOHX7EOFHNL71D1DUCWMY3EAAE0E,dropped,A2PU5#####FQQS
3CP1TO84PX7W7I9RV1AP00GT0TV52W,3ICOHX7EOFHNL71D1DUCWMY3EAAE0E,t10:16nkB,A3U30#####P0J6
3LPW2N6LKX85RUITELKV6JBLJKH5UH,3ICOHX7EOFHNL71D1DUCWMY3EAAE0E,dropped,A2JSI#####DC7T
3FQ5JJ512PUVENJNO7CFUD298EEKNK,3ICOHX7EOFHNL71D1DUCWMY3EAAE0E,t10:qcIOh,A19ZA#####0BKI
3EFVCAY5L7FF0WQ10KNKB1C14UK8JQ,3ICOHX7EOFHNL71D1DUCWMY3EAAE0E,t10:IMmdR,AFIK3#####6G6
3FDJT1UU78EROYDHK7GT0W2NHTE5KF,3ICOHX7EOFHNL71D1DUCWMY3EAAE0E,dropped,AORMY#####8U6
3OVHNO1VEA7HH6RWZE1MLNESYJUDZM,3ICOHX7EOFHNL71D1DUCWMY3EAAE0E,t10:NePaP,A2U3H#####QNPE
3Q8GYXHFET89501TSUZVCDPFCKCC5G,3ICOHX7EOFHNL71D1DUCWMY3EAAE0E,t10:cm1GG,A3UN1#####KKE6
3HPZF4IVNQZ77OBD3W4SNAN87PDYCF,3ICOHX7EOFHNL71D1DUCWMY3EAAE0E,dropped,A2ZE2#####BAIC
3C5W7UE9CJWVG5XUBPC47SLBZYSMXM,3ICOHX7EOFHNL71D1DUCWMY3EAAE0E,t10:sDUzK,AUZPU#####TX5
3C2NJ6JBKEN0X7FXZ16BUHGFRF9N2K,3ICOHX7EOFHNL71D1DUCWMY3EAAE0E,dropped,A2UQ9#####D5SF
3TAYZSBPLPEXDK727XNXTBQLEERS2B,3ICOHX7EOFHNL71D1DUCWMY3EAAE0E,dropped,A34QY#####6WOB
3VP0C6EFSK2IXQDYA23E7F8R2UFM6E,3ICOHX7EOFHNL71D1DUCWMY3EAAE0E,t10:GmYDa,A1AEN#####Y9NJ
3ZWFC4W1UYD5DZJ1G32ZNKFE1GORFH,3ICOHX7EOFHNL71D1DUCWMY3EAAE0E,t10:b9Uyp,A2KBT#####J7X4
3AAJC4I4FKYUKSRO9ANXOL9534QJZ7,3ICOHX7EOFHNL71D1DUCWMY3EAAE0E,t10:veAzd,AL2JY#####Z2H
3AAJC4I4FKYUKSRO9ANXOL9534QJZ7,3ICOHX7EOFHNL71D1DUCWMY3EAAE0E,t10:zdXjZ,A3C2X#####NNLV
3J88R45B2K4118U7354WOWF6445PXP,3ICOHX7EOFHNL71D1DUCWMY3EAAE0E,t10:1D19I,A3BXT#####C6F3
3Z4AIRP3CAJYKGB5I3T6N0X81O51X3,3ICOHX7EOFHNL71D1DUCWMY3EAAE0E,t10:5WZde,A39XI#####NHFU
3LS2AMNW5JWZ7BHU2RWP5OENXWVOQJ,3ICOHX7EOFHNL71D1DUCWMY3EAAE0E,t10:cWgsb,A3NMU#####ZCNC
3WMOAN2SRF39UYDZNBQMWMDQOFEVNG,3NBFJK3IPKO682PN9TMBMQFXPULGO5,dropped,A2C73#####CA51
3MB8LZR5BJZ5QNG2CUW0HLYK3M7LKI,3NBFJK3IPKO682PN9TMBMQFXPULGO5,t10:fpbnf,A2GG7#####IXUR
3NXNZ5RS1E3MU68943418723X8Q973,3NBFJK3IPKO682PN9TMBMQFXPULGO5,t10:cCMrJ,A26NG#####ATVN
3MHW492WW4J3CGSZBABMJ7OQJP4VMG,3NBFJK3IPKO682PN9TMBMQFXPULGO5,t10:A2ax7,A270H#####LJ8W
3NAPMVF0Z0LBUMNAJUPMYKUPR2H275,3NBFJK3IPKO682PN9TMBMQFXPULGO5,t10:0xYGc,A36DK#####J942
3QRYMNZ7F2NUH69AIGQ7V4P5RUYNTS,3NBFJK3IPKO682PN9TMBMQFXPULGO5,t10:B98XG,A2WVC#####YGML
3UXUOQ9OKI30ZPIEW9I142DN3QAA7L,3NBFJK3IPKO682PN9TMBMQFXPULGO5,t10:Ax5ED,A219Y#####4TM2
3DEL4X4ELARVAMM8US0F1N8I8ARXYC,3NBFJK3IPKO682PN9TMBMQFXPULGO5,t10:8Heit,AOWW3#####J6U
3634BBTX0S0SK0GIQG8Q9SENEMZIF2,3NBFJK3IPKO682PN9TMBMQFXPULGO5,dropped,A1TFX#####WVF7
3WMOAN2SRF39UYDZNBQMWMDQOFEVNG,3NBFJK3IPKO682PN9TMBMQFXPULGO5,t10:DcgZO,A3I0I#####KFFZ
3BWI6RSP7KF3P2ZQCEKN0L3EO5B7EG,3NBFJK3IPKO682PN9TMBMQFXPULGO5,t10:SjTaA,A2CJY#####7HN6
3570Y55XZTPKO0RI5I0BD18N5KXYGN,3NBFJK3IPKO682PN9TMBMQFXPULGO5,t10:TVuy5,A3M8U#####JPDF
3ZOTGHDK5MHBKRW7UVLU0OTOFLROSL,3NBFJK3IPKO682PN9TMBMQFXPULGO5,t10:YzpgL,AMARS#####3TG
31EUONYN2Z9RCJDBOQQZBBDVEPJVOV,3NBFJK3IPKO682PN9TMBMQFXPULGO5,t10:8qwJB,A3JLE#####17E2
3TEM0PF1Q93KFLL6VKOUFOB6GF4D0T,3NBFJK3IPKO682PN9TMBMQFXPULGO5,t10:ubI4O,A3UDU#####D833
3M68NM076LD9U6QQFAZVTE218JG6RS,3NBFJK3IPKO682PN9TMBMQFXPULGO5,dropped,A35HG#####WGMI
3QAPZX2QN8JXCBNQYV4DJ5K2JOF209,3NBFJK3IPKO682PN9TMBMQFXPULGO5,t10:L67RY,A2F2D#####U4AK
3HSYG7LRBN4U6HYKRUKZ2LL5EM6KKI,3NBFJK3IPKO682PN9TMBMQFXPULGO5,t10:nptjd,A2SO6#####GBB7
34BBWHLWHEHUVM2DG5IQDG0N9PMIWX,3NBFJK3IPKO682PN9TMBMQFXPULGO5,t10:EWYxY,AWH9P#####UCX
35DR22AR5HQUUJPK577PBTC5Z9X3XD,3NBFJK3IPKO682PN9TMBMQFXPULGO5,t10:T0sI7,AEF74#####EIA
386CSBG1O3S9I5BQ2VAVOOSWCXE6QR,3NBFJK3IPKO682PN9TMBMQFXPULGO5,t10:E3EXB,A1VL7#####NPX0
3TU5ZICBRH7WMJUEVA7T82ONIS4Q8X,3NBFJK3IPKO682PN9TMBMQFXPULGO5,t10:U9K0B,A1D9Z#####6SAF
3R8YZBNQ9LOSM5PVL5FNU2SS78YQ7A,3NBFJK3IPKO682PN9TMBMQFXPULGO5,t10:9KjXc,A2Y2A#####U47Q
3YWRV122CW5OEC1VCJRYI3LCLDAU86,3NBFJK3IPKO682PN9TMBMQFXPULGO5,t10:4GSgc,A16SA#####96G4
3UJ1CZ6IZLVPCHQPPGPVRITXYQOS5M,3NBFJK3IPKO682PN9TMBMQFXPULGO5,t10:MId7S,A28AX#####PH1F
3HQUKB7LNJKC21W4FOE5C1PLUOYHH7,3NBFJK3IPKO682PN9TMBMQFXPULGO5,t10:i0P1i,A2INX#####M92F
3WAKVUDHU0MKEYWC2EZS43PHAT4U7J,3NBFJK3IPKO682PN9TMBMQFXPULGO5,t10:CMenl,A3SXE#####XBMM
37FMASSAYGX27J42LEMUQ2N2ZODIBQ,3NBFJK3IPKO682PN9TMBMQFXPULGO5,t10:G2OBt,A3OA4#####JOZ7
3YJ6NA41JFM06OPIM1PVXN7RT7HPJU,3NBFJK3IPKO682PN9TMBMQFXPULGO5,t10:jDK2k,A152N#####ZBUI
3H7Z272LXBD61EDIPM18D2KJXWMPLW,3NBFJK3IPKO682PN9TMBMQFXPULGO5,dropped,A2RYP#####X4A6
3PPTZCWALUQB6FV14076LMLRH1GZQG,3NBFJK3IPKO682PN9TMBMQFXPULGO5,dropped,A3CRD#####4JB5
3X87C8JFVAHE539N98DYPTOOUMESQ2,3NBFJK3IPKO682PN9TMBMQFXPULGO5,dropped,A22Y0#####GXDF
3K5TEWLKGZHHGX28QVDUREH92GKIVN,3NBFJK3IPKO682PN9TMBMQFXPULGO5,t10:9ABpL,A1NYI#####BOTP
3M23Y66PO6DLVLQ3UZZ0JO7XULZ6SG,3NBFJK3IPKO682PN9TMBMQFXPULGO5,t10:ZCdWc,A2FLO#####A4ZS
3018Q3ZVOMWAH82T5NG79J4N42BRA8,3NBFJK3IPKO682PN9TMBMQFXPULGO5,t10:jkOgR,AV8T3#####PPS
3BGYGHDBB1Q48LQ4DI8R2TDHGM322X,3NBFJK3IPKO682PN9TMBMQFXPULGO5,t10:Hpe9P,ATP43#####P0C
38F5OAUN5RIF9CQS2FSTLO0RGL87H1,3NBFJK3IPKO682PN9TMBMQFXPULGO5,t10:vy6mb,A3D8W#####SOH
3R6P78PK7OHO7ESOVCDC5KG8QIGTGU,3NBFJK3IPKO682PN9TMBMQFXPULGO5,t10:FlgUH,A3NMQ#####6YE0
3N8OEVH1FVWWMZ4ENE4LGJJNIWYOOY,3NBFJK3IPKO682PN9TMBMQFXPULGO5,t10:Zy5Iq,A3CWE#####V7TL
3YMU66OBIREY251TVIWNR1DKFOTGHF,3NBFJK3IPKO682PN9TMBMQFXPULGO5,t10:LVspP,ADKYB#####815
3BWI6RSP7KF3P2ZQCEKN0L3EO5I7EN,3NBFJK3IPKO682PN9TMBMQFXPULGO5,t10:PgRjj,A36O6#####XLJR
3MMN5BL1W3AJ07QGR05G0CW7S5NM3M,3NBFJK3IPKO682PN9TMBMQFXPULGO5,t10:EsX5a,AAAHL#####A2U
3BF51CHDTZG1R1Q8HG7K69Q487SH01,3NBFJK3IPKO682PN9TMBMQFXPULGO5,t10:6RTgd,A3NM3#####EI3J
3V0Z7YWSI26D5CO61SS24YASDK12VA,3NBFJK3IPKO682PN9TMBMQFXPULGO5,t10:7jKIb,A28VE#####E3B8
3ZR9AIQJUFF7FP2D29N1CKH032K04C,3NBFJK3IPKO682PN9TMBMQFXPULGO5,t10:2YRqN,A2CHD#####3P3E
3TPWUS5F8D73IJGDOVM42D2SWKCWCJ,3NBFJK3IPKO682PN9TMBMQFXPULGO5,dropped,AZ172#####6A
33CID57108ZZUP8VRO410ZHIS0ZL3L,3NBFJK3IPKO682PN9TMBMQFXPULGO5,t10:hMb6s,A37XJ#####ZYC
34Q075JO11JQNQ5UFR4ZEMAXRJD014,3NBFJK3IPKO682PN9TMBMQFXPULGO5,dropped,A1AKR#####I8IM
3TE3O85734ELC57PS8NS31LPSFQR2A,3NBFJK3IPKO682PN9TMBMQFXPULGO5,t10:pGawn,ATYVQ#####Y2G
3VSOLARPKFF4TN7M2R1BVQQNS7L93H,3NBFJK3IPKO682PN9TMBMQFXPULGO5,dropped,A382P#####SBF8
3HYA4D452VPO9F2G1DNYMC76PQBF2X,3NBFJK3IPKO682PN9TMBMQFXPULGO5,dropped,A38NY#####RZQV
3GM6G9ZBKR3OZOOA6FB7IP05M42MT5,3NBFJK3IPKO682PN9TMBMQFXPULGO5,t10:045S6,A2J6Q#####TRVM
33CKWXB73NQQUFQCBA8ZSRT7WBJ118,3NBFJK3IPKO682PN9TMBMQFXPULGO5,dropped,A2OC4#####522W
3A7Y0R2P2SU5FXR98SZCR0TUV6VXJV,3NBFJK3IPKO682PN9TMBMQFXPULGO5,t10:wzm8G,A36FB#####N139
3PEIJLRY6XZRLHR8FRIRGQN2X36WXT,3NBFJK3IPKO682PN9TMBMQFXPULGO5,t10:kVShJ,A28MD#####QHMS
3TPWUS5F8D73IJGDOVM42D2SWKCWCJ,3NBFJK3IPKO682PN9TMBMQFXPULGO5,t10:SvzNS,A1IXV#####DXTG
3TVSS0C0E56K40IOAHHURN2WK7IWTA,3NBFJK3IPKO682PN9TMBMQFXPULGO5,t10:91ywj,A2RLY#####6ETD
3WETL7AQWXELS05AZ1OUJALL6B235K,3NBFJK3IPKO682PN9TMBMQFXPULGO5,t10:G1I58,A34V3#####3BMF
32SVAV9L3JFIY6HRUXFBRL17YP33AQ,3NBFJK3IPKO682PN9TMBMQFXPULGO5,t10:4pqrF,AGY4F#####H9G
3XXU1SWE8Q1MHEIUBAXSPN30VCEA0V,3NBFJK3IPKO682PN9TMBMQFXPULGO5,t10:P55p2,A1X44#####IQ78
3BV8HQ2ZZ07HVP49DZD9YODR8G56AZ,3NBFJK3IPKO682PN9TMBMQFXPULGO5,t10:pbI5B,AXTFS#####LO5
3Z7VU45IP2NNPBBKJLHRKLDJ9QW1ZX,3NBFJK3IPKO682PN9TMBMQFXPULGO5,t10:pFvBs,AH4S2#####26G
3HYA4D452VPO9F2G1DNYMC76PQBF2X,3NBFJK3IPKO682PN9TMBMQFXPULGO5,t10:0hcTR,A2NML#####WFN2
3QXNC7EIPM18CV8PJ4JSTSSGPV190M,3NBFJK3IPKO682PN9TMBMQFXPULGO5,t10:0Vo7Q,A3CPQ#####J09F
3OXV7EAXLIWHB45O4KYZBGZL26D360,3NBFJK3IPKO682PN9TMBMQFXPULGO5,t10:q2qeA,A3T1A#####ZZXY
3X0H8UUIT5UJP059LHC4HI6AIO4WSL,3NBFJK3IPKO682PN9TMBMQFXPULGO5,t10:dtYx0,A13Y9#####5X5P
30LB5CDZNGGNIMQ2N2DR6GU94YPZ0R,3NBFJK3IPKO682PN9TMBMQFXPULGO5,t10:1oXoX,A1U3O#####I8JD
3PWWM24LHW4FU0STTZHSCKQK2N328A,3NBFJK3IPKO682PN9TMBMQFXPULGO5,t10:aKZvr,A3AHC#####3Q23
34V1S5K3GW73Q6U4LTZ92T272YN96N,3NBFJK3IPKO682PN9TMBMQFXPULGO5,t10:TeuKm,A1Y9V#####LS5K
3L70J4KAZKSGGYJONMLN4UNJP2TADW,3NBFJK3IPKO682PN9TMBMQFXPULGO5,t10:S8bZ0,AXO22#####NVT
3OVHNO1VEA7HH6RWZE1MLNESYN0ZDM,3NBFJK3IPKO682PN9TMBMQFXPULGO5,t10:xvPa6,A2QCQ#####1QNL
3CFVK00FWPRYR8VDAQ2Z72T22RQ6L1,3NBFJK3IPKO682PN9TMBMQFXPULGO5,t10:RskiX,A3POD#####0DIW
3QUO65DNQYURZ4OBJ0GUFPBC0JTOUK,3NBFJK3IPKO682PN9TMBMQFXPULGO5,t10:4fW0T,A1GKD#####NHRP
3KMS4QQVK6WJQV66QJT2M8T06R5FKT,3NBFJK3IPKO682PN9TMBMQFXPULGO5,t10:rqKaw,A3DQL#####PEL8
3PQ8K71NH1QIIRGC3CULETFD4YRAAN,3NBFJK3IPKO682PN9TMBMQFXPULGO5,t10:xiDvA,A1KHR#####TDF6
34S6N1K2ZZPEOXFU69T34TISB6OHLX,3NBFJK3IPKO682PN9TMBMQFXPULGO5,dropped,A10AV#####2NN5
3JC6VJ2SAFPLCL4V8G346IZRCLY5AM,3NBFJK3IPKO682PN9TMBMQFXPULGO5,dropped,A1Z0V#####9PBW
3BEFOD78WAZ4I39KREAZAHOD65C4MI,3NBFJK3IPKO682PN9TMBMQFXPULGO5,t10:N1C3I,A23K7#####PV0D
3NLZY2D53TVR1QEXPZGXD7AT2TKLQX,3NBFJK3IPKO682PN9TMBMQFXPULGO5,t10:3nQqR,A6A9J#####9ZQ
308XBLVESMAF0I7LB1G34UOTML7BR0,3NBFJK3IPKO682PN9TMBMQFXPULGO5,t10:OJYCY,A8KX1#####E2Q
338JKRMM2A5XSEOQ9I4DVF2HHUPHAF,3NBFJK3IPKO682PN9TMBMQFXPULGO5,t10:LSePb,A2FCQ#####PYHS
379J5II41SM24NOSG8LXJQLFJQWLEL,3NBFJK3IPKO682PN9TMBMQFXPULGO5,t10:A57iQ,A2WGW#####BDEC
32Q90QCQ1WRRKH6AV89W4Q80UQQKEG,3NBFJK3IPKO682PN9TMBMQFXPULGO5,t10:xgm9l,A1LE6#####JNIT
3GLB5JMZF11HQPWR9MDX0GYMNX9GDH,3NBFJK3IPKO682PN9TMBMQFXPULGO5,t10:Ja0Fa,A1AN6#####U3AT
3R08VXYT7G1X62LHXEETMRAEVAW7WE,3NBFJK3IPKO682PN9TMBMQFXPULGO5,t10:fgZNp,A2XC9#####6PLH
3WMINLGALF96B6DANQQCKO5142KCA1,3NBFJK3IPKO682PN9TMBMQFXPULGO5,t10:9jmm9,A2VED#####2Q9Q
3HYA4D452VPO9F2G1DNYMC76PRKF28,3NBFJK3IPKO682PN9TMBMQFXPULGO5,t10:D5J6B,AN45K#####3NY
3TDXMTX3CF0W17N7PN5MFM1ALOF6I8,3NBFJK3IPKO682PN9TMBMQFXPULGO5,t10:kQ0mL,A3VTO#####TBRR
3PWWM24LHW4FU0STTZHSCKQK2N782K,3NBFJK3IPKO682PN9TMBMQFXPULGO5,t10:VMIz0,A1ZK0#####6UPY
3WYP994K1BXIR72CT5RP1AVYB7E6YF,3NBFJK3IPKO682PN9TMBMQFXPULGO5,t10:6Zhzd,A1T25#####X648
39RP059MELZO32UT6TKMIVUJGYBBMF,3NBFJK3IPKO682PN9TMBMQFXPULGO5,t10:3Imhb,A20NI#####4775
35USIKEBNVMOF8YYM3IEKUXR7NEN6A,3NBFJK3IPKO682PN9TMBMQFXPULGO5,t10:L1yEy,A1YNB#####FUVW
31QNSG6A5VZMG1PZZBYN8B7SD3487B,3NBFJK3IPKO682PN9TMBMQFXPULGO5,dropped,A1JSL#####PF92
3LQ8PUHQFPYCYW7OL6WQCDQ0U25IHV,3NBFJK3IPKO682PN9TMBMQFXPULGO5,t10:Piyf6,ADKSM#####0PA
3FPRZHYEP2D2QUKP5S67N8FKJZJ3V6,3NBFJK3IPKO682PN9TMBMQFXPULGO5,t10:j78U4,A23QI#####SA0I
3NXNZ5RS1E3MU68943418723X9I97X,3NBFJK3IPKO682PN9TMBMQFXPULGO5,t10:tQhzV,A1842#####Z590
32N49TQG3KO2AFJAE7LHAGTQP9BAV9,3NBFJK3IPKO682PN9TMBMQFXPULGO5,t10:ygkZz,A3PV3#####D2RU
32AT8R96GPF6XWG4QHX3ZULDX89SUY,3NBFJK3IPKO682PN9TMBMQFXPULGO5,t10:FXuor,A3OPX#####37M8
3OCHAWUVGSQ0QHXRQDZOSFT7AWDXKE,3NBFJK3IPKO682PN9TMBMQFXPULGO5,dropped,A3SD0#####8EUL
3UJ1CZ6IZLVPCHQPPGPVRITXYRH5SU,3NBFJK3IPKO682PN9TMBMQFXPULGO5,t10:P9KD2,A3SSE#####7NI7
3JNQLM5FT8SA97CCNOQWHPCQMNI2LC,3NBFJK3IPKO682PN9TMBMQFXPULGO5,t10:WBLrC,A1JDE#####1E33
3RYC5T2D77ZH4C8VU6Y4ZETI3PZRPE,3NBFJK3IPKO682PN9TMBMQFXPULGO5,t10:fNcsr,A2NHW#####YVH0
3FDJT1UU78EROYDHK7GT0W2NHX5K5T,3NBFJK3IPKO682PN9TMBMQFXPULGO5,t10:TLpwL,A3W1M#####YIZI
3EICBYG6482HCZGEHW3PDN8KUOYJC6,3NBFJK3IPKO682PN9TMBMQFXPULGO5,t10:0HFeR,AZ8JL#####Y4U
39O5D9O87XY6RLEPEBB2XGRVYYRC3G,3NBFJK3IPKO682PN9TMBMQFXPULGO5,dropped,A7GUG#####0B0
3NS0A6KXC8EKTQ1N142UR8HPBLIGZR,3NBFJK3IPKO682PN9TMBMQFXPULGO5,t10:rAYm1,A3QSJ#####0N6V
34Z02EIMIWJRWAH3HAO9KSTSJ880TT,3NBFJK3IPKO682PN9TMBMQFXPULGO5,t10:6Bb2q,A2BBD#####77AU
3Y9N9SS8L2HGWDK3E76DHM9DJY4D3I,3NBFJK3IPKO682PN9TMBMQFXPULGO5,dropped,A2JI8#####S59Y
3WLEIWSYHSN8NBTMW3BYPXJJ5CWH2J,3NBFJK3IPKO682PN9TMBMQFXPULGO5,t10:1nZgh,A2Z7S#####5OOI
36TFCYNS48G9ORWJKSWRFNDFILXHXU,3NBFJK3IPKO682PN9TMBMQFXPULGO5,t10:rUieC,AJ7MW#####3E4
3MYYFCXHJ7D4QTDYGBC4XC4GAQH4G5,3NBFJK3IPKO682PN9TMBMQFXPULGO5,t10:8KN0d,A3PIJ#####KNPH
3EFVCAY5L7FF0WQ10KNKB1C144UJ8V,3NBFJK3IPKO682PN9TMBMQFXPULGO5,t10:0O4Bq,AOS2P#####YTL
37FMASSAYGX27J42LEMUQ2N2ZVQBIA,3NBFJK3IPKO682PN9TMBMQFXPULGO5,t10:9O8XM,A5X1K#####REK
3RRCEFRB7QI8ZC5N0PKQW1DJUDN4BM,3NBFJK3IPKO682PN9TMBMQFXPULGO5,dropped,A2NPK#####3QKH
3K2755HG5W9BCP0WY27FIVYAMOAFDU,3NBFJK3IPKO682PN9TMBMQFXPULGO5,t10:LkAsH,A2G7N#####X0EE
3OSWBBLG1I3SCBRHYWD1O2YHQT9DXM,3NBFJK3IPKO682PN9TMBMQFXPULGO5,t10:ldZXP,A2ZT5#####K8X9
3RXCAC0YIVV59U00SE2HEOKLCCG8GJ,3NBFJK3IPKO682PN9TMBMQFXPULGO5,t10:o3WqI,A2SYT#####WJO5
3DPNQGW4LPL2T0OS4Y3ILLRRGCH648,3NBFJK3IPKO682PN9TMBMQFXPULGO5,t10:4jbdH,AMX5R#####A2K
32Z9ZLUT1PQMUIIRJ19VWAMM6HVOHZ,3NBFJK3IPKO682PN9TMBMQFXPULGO5,t10:shWgQ,AU34T#####4Z4
3IAS3U3I0JMYWYQ0WB123MGLAZV2BS,3NBFJK3IPKO682PN9TMBMQFXPULGO5,t10:oenb4,A2SB9#####9QCP
3V0Z7YWSI26D5CO61SS24YASDRJ2V6,3NBFJK3IPKO682PN9TMBMQFXPULGO5,t10:FkcTl,A2B2H#####LTXU
3WEV0KO0OQYKGU5I4M7EPUHPBEGSD2,3NBFJK3IPKO682PN9TMBMQFXPULGO5,t10:Cz8dF,ATBIP#####KS6
3ZQIG0FLQIMZHSMDFCH9S5QHHYGWVK,3NBFJK3IPKO682PN9TMBMQFXPULGO5,t10:tEXNF,AURYD#####UOQ
3EFE17QCRGB1SAAKQIQ4GFWN369SHB,3NBFJK3IPKO682PN9TMBMQFXPULGO5,t10:1L0co,A1PHD#####IK4Q
3QUO65DNQYURZ4OBJ0GUFPBC0PGUOP,3NBFJK3IPKO682PN9TMBMQFXPULGO5,t10:jpkDq,A88DX#####WEN
36PW28KO434EH47NMEMARUJJH2BEA1,3Z33IC0JD3UESCLAZWSJ6J0XASK9VJ,t10:jXGWM,A1SIS#####2PWH
30X31N5D67YFRNC5N96FGBNYITQAS4,3Z33IC0JD3UESCLAZWSJ6J0XASK9VJ,t10:0QTZW,A49MD#####ABO
3OLQQLKKNWXPIXARGKZNKTM27PFEJR,3Z33IC0JD3UESCLAZWSJ6J0XASK9VJ,t10:T3ZMf,A3AOV#####XQ51
34HJIJKLP94GHQDS831TEVL5PNSV4N,3Z33IC0JD3UESCLAZWSJ6J0XASK9VJ,t10:QWezU,A3SZF#####QPW3
337RC3OW098J6YAEBYA7JU91JLXVLZ,3NBFJK3IPKO682PN9TMBMQFXPULGO5,t10:89iiu,ATXAV#####2I
3W92K5RLWYPYD9HSM8K3JNRJPJOV5T,3Z33IC0JD3UESCLAZWSJ6J0XASK9VJ,dropped,AQ3VI#####ZFO
3G0WWMR1UZSAYQRH49MF7HSXZDHNQR,3Z33IC0JD3UESCLAZWSJ6J0XASK9VJ,t10:uh9zF,A24LB#####PKKF
3QEMNNSB217R6WVPJGZ6BLZ8GJQ7DY,3Z33IC0JD3UESCLAZWSJ6J0XASK9VJ,t10:6VOiD,AEM71#####8J1
37FMASSAYGZVGJE1OBCX7K1HREUIB2,3IHWR4LC8GL9S1I0VXNMRYFSIKA8I0,dropped,A2J76#####RPRE
36PW28KO434EH47NMEMARUJJH32AEQ,3IHWR4LC8GL9S1I0VXNMRYFSIKA8I0,t10:r8671,A17TK#####VH0R
3LJ7UR74RLL39L4J6CF24ERS3L74NY,3IHWR4LC8GL9S1I0VXNMRYFSIKA8I0,t10:VdORi,A1YBG#####80DZ
3OLF68YTND96NI7JHP6G9C4JT4HAF8,3IHWR4LC8GL9S1I0VXNMRYFSIKA8I0,t10:i3N3l,A1WBG#####NJ9
3QUO65DNQYWK84YAMX6XW7PRS82OUM,3IHWR4LC8GL9S1I0VXNMRYFSIKA8I0,t10:8rPes,A150M#####92OT
3TU5ZICBRH9PVJ4DY7XWPK22AIT8QZ,3IHWR4LC8GL9S1I0VXNMRYFSIKA8I0,t10:SB3oN,A1131#####GM6R
3WQ3B2KGECOKGDI3G4RRFLKVACM1BW,3IHWR4LC8GL9S1I0VXNMRYFSIKA8I0,t10:yMqp9,AUR5K#####SZ9
36AHBNMV1VKALGRQ6PP6OYJ5KI8DYE,3IHWR4LC8GL9S1I0VXNMRYFSIKA8I0,dropped,ADDNK#####UA
3OB0CAO74LXRXWWSSL8WFJY3CA0HYQ,3IHWR4LC8GL9S1I0VXNMRYFSIKA8I0,t10:UAHLV,A314X#####YL12
3ZAK8W07I8MZ5N6RKC4M66T9U5Q0UC,3IHWR4LC8GL9S1I0VXNMRYFSIKA8I0,t10:CIaWD,A31JM#####GYEX
3VBEN272MO7G1EP899YPCXY1GPUGSF,3IHWR4LC8GL9S1I0VXNMRYFSIKA8I0,dropped,A3KO4#####REGU
3JRJSWSMQLTEXJ82DZ704M5DBTD3EQ,3IHWR4LC8GL9S1I0VXNMRYFSIKA8I0,t10:n4rVM,A3PDH#####CTT5
3SB5N7Y3O7CG055W07F52RSILX50G6,3IHWR4LC8GL9S1I0VXNMRYFSIKA8I0,t10:3TOyX,A4GGV#####W5C
3QBD8R3Z25RLR64V7RFFJ3RXTVGO41,3IHWR4LC8GL9S1I0VXNMRYFSIKA8I0,t10:OfknA,A2EEL#####L5SK
3OUYGIZWRB6MDIYV3Q5SW06AMOYP05,3IHWR4LC8GL9S1I0VXNMRYFSIKA8I0,t10:yb73O,A2TKH#####FAM
31N2WW6R9VY63X8Y8AR6M4QDNURF3J,3IHWR4LC8GL9S1I0VXNMRYFSIKA8I0,t10:5AMxv,A15XI#####7SLK
3VBEN272MO7G1EP899YPCXY1GPTSGQ,3IHWR4LC8GL9S1I0VXNMRYFSIKA8I0,t10:x7fcK,A3168#####DIH3
3DEL4X4ELATOJMW7XPQII5MX00JXYZ,3IHWR4LC8GL9S1I0VXNMRYFSIKA8I0,dropped,A3ED3#####7CT8
3TDXMTX3CF2PA7X6SKVPW4FPDDRI6P,3IHWR4LC8GL9S1I0VXNMRYFSIKA8I0,t10:tKvIH,A8289#####KV4
3EICBYG6484ALZQDKTTSU5MZMESJCV,3IHWR4LC8GL9S1I0VXNMRYFSIKA8I0,dropped,A38PV#####CCJX
3VELCLL3GORATUUJL6DNYBBGPAJ1FJ,3IHWR4LC8GL9S1I0VXNMRYFSIKA8I0,t10:L9ihl,A1PIG#####MGNW
3R5F3LQFV6S1U3SKSK55DZ46UQNOZH,3IHWR4LC8GL9S1I0VXNMRYFSIKA8I0,t10:a22Yw,A1AUB#####NZLS
37WLF8U1WTYGG2NUSNG19KU25HE6KM,3IHWR4LC8GL9S1I0VXNMRYFSIKA8I0,t10:ksLDR,A136K#####C3G
3TXMY6UCAIWR7MUQFJD1R6YL09ICQD,3IHWR4LC8GL9S1I0VXNMRYFSIKA8I0,t10:1h32O,A1F3P#####9HBN
3UNH76FOCWDDPAX3JIO97O6ZTW3YMK,3IHWR4LC8GL9S1I0VXNMRYFSIKA8I0,t10:A7Nso,A21Y7#####M1PR
3NQL1CS15VGWFXRCXAP0UKPCKPEVYX,3IHWR4LC8GL9S1I0VXNMRYFSIKA8I0,t10:gFvFd,A3VL1#####GQK7
3NL0RFNU0JV21FJG9ZNMCMAO9QB4K2,3IHWR4LC8GL9S1I0VXNMRYFSIKA8I0,t10:79ix9,A1VZS#####1JP0
3J4Q2Z4UT2B0LK0VWAD2305OSP1WQ7,3IHWR4LC8GL9S1I0VXNMRYFSIKA8I0,t10:h7U6g,AX4P2#####MQA
36V4Q8R5ZO84G86HS87FU23XUNPQMC,3IHWR4LC8GL9S1I0VXNMRYFSIKA8I0,dropped,A20QX#####1JTI
3F6HPJW4JH8JT1YAUZN17I7LCJQ2W2,3IHWR4LC8GL9S1I0VXNMRYFSIKA8I0,t10:acwId,ADQED#####7R
39RP059MEL1HC24S9QAPZD8Y8NNMBV,3IHWR4LC8GL9S1I0VXNMRYFSIKA8I0,t10:Q5jGp,A17NL#####Y599
3TVRFO09GON4JNP8EA1SOXK1RLNLX3,3IHWR4LC8GL9S1I0VXNMRYFSIKA8I0,t10:BnNwT,A28U0#####J99R
3QRYMNZ7F2PNQ6J9LDGACM3KJKYTNT,3IHWR4LC8GL9S1I0VXNMRYFSIKA8I0,dropped,AXOZ8#####77W
3FTF2T8WLVQUTLJ9F82GH5FZIPZW9N,3IHWR4LC8GL9S1I0VXNMRYFSIKA8I0,t10:C1pif,AVAJT#####XOO
34PGFRQONSJJZXWI1KTT6ZT2EUBWJI,3IHWR4LC8GL9S1I0VXNMRYFSIKA8I0,t10:JXeCp,A1BPQ#####7RWS
3FDJT1UU78GKXYNGN46WHEG29M75K9,3IHWR4LC8GL9S1I0VXNMRYFSIKA8I0,t10:rD4SZ,A3NXI#####5TXU
3X66WABAJ0QCHX4TJUXO4PQPO903GF,3IHWR4LC8GL9S1I0VXNMRYFSIKA8I0,t10:COCs8,A1WWE#####SVZ0
31JLPPHS2Y209ALR7DAW9YZRFVQO3M,3IHWR4LC8GL9S1I0VXNMRYFSIKA8I0,t10:VpkFY,A1N9Z#####R7OU
3TPZPLC3M4KIUAXSMDNBYY4HP0JP31,3IHWR4LC8GL9S1I0VXNMRYFSIKA8I0,t10:a7xWn,A2D5R#####4AWR
3V5Q80FXI1ZM23WMKFCZ2LWOEQV32W,3IHWR4LC8GL9S1I0VXNMRYFSIKA8I0,t10:YRtEX,A3HL2#####PZT8
3ZQIG0FLQIOSQSWCI97C9N4W9HIVW2,3IHWR4LC8GL9S1I0VXNMRYFSIKA8I0,t10:zLAz2,A3TDA#####QFE3
354GIDR5ZFEJP1UBM5Q2HZ52EGS00F,3IHWR4LC8GL9S1I0VXNMRYFSIKA8I0,t10:OBRo9,A2SAO#####ICGI
3QECW5O0KL9J0HD3HDKOI53YSZZ5TG,3IHWR4LC8GL9S1I0VXNMRYFSIKA8I0,t10:MRY8W,A2VTY#####N75V
3VP0C6EFSK4B6QNXDZTHOXM6UME6MW,3IHWR4LC8GL9S1I0VXNMRYFSIKA8I0,t10:H8C6N,A2QAT#####EGUS
3FIJLY1B6YCDAMDL68ODZ7TESQSPFE,3IHWR4LC8GL9S1I0VXNMRYFSIKA8I0,t10:z9wQM,AG491#####Q8X
30LB5CDZNGIGRM01QZ3UNY8OWN9Z04,3IHWR4LC8GL9S1I0VXNMRYFSIKA8I0,t10:RzUPB,A2MTG#####YFN3
37TRT2X24UZRBUY76TXXJLGH4TUBJI,3IHWR4LC8GL9S1I0VXNMRYFSIKA8I0,t10:YKrMC,A3HSO#####NZR4
3VBEN272MO7G1EP899YPCXY1GPUGSF,3IHWR4LC8GL9S1I0VXNMRYFSIKA8I0,t10:16FBl,APJ3Z#####UWX
3EA3QWIZ4M3VC58IOX3I7E73XL5TIE,3IHWR4LC8GL9S1I0VXNMRYFSIKA8I0,t10:AgwFr,A3PRQ#####2718
3F1567XTN0DP9ONN3Z3APGXDUOIQ9D,3IHWR4LC8GL9S1I0VXNMRYFSIKA8I0,t10:RlP7R,A1WEN#####ZZ1U
3XCC1ODXDPJVDOJ9XG3WG1X70ARRQ4,3IHWR4LC8GL9S1I0VXNMRYFSIKA8I0,t10:y2kIC,A2AGD#####L1QP
3MTMREQS4ZQ8Y4TE7EGGD0QJO7JWA4,3IHWR4LC8GL9S1I0VXNMRYFSIKA8I0,t10:fNwTp,A3GUF#####RGJK
3NXNZ5RS1E5F36I870U4PPGIPYT971,3IHWR4LC8GL9S1I0VXNMRYFSIKA8I0,t10:X1u7g,A1IH3#####15YX
3WMINLGALFBZK6N9QNGF16JGWR1CAB,3IHWR4LC8GL9S1I0VXNMRYFSIKA8I0,t10:haYva,AK1Y0#####IQ6
339ANSOTR9AW9MIVUOPQ6NK7E8GIKZ,3IHWR4LC8GL9S1I0VXNMRYFSIKA8I0,t10:2fctJ,ARAAV#####YWO
3FIJLY1B6YCDAMDL68ODZ7TESQUFP6,3IHWR4LC8GL9S1I0VXNMRYFSIKA8I0,t10:abLsV,ATDV8#####O1N
326O153BMM6CFBAZ6ODCHVRP26CDE8,3IHWR4LC8GL9S1I0VXNMRYFSIKA8I0,t10:PXFFm,A28LJ#####SBSQ
39OWYR0EPOZ7J05MXVKWCYMQWVZFY2,3IHWR4LC8GL9S1I0VXNMRYFSIKA8I0,dropped,A3E5E#####BXBT
3IO1LGZLKD5WL1LTJYJYJFLBAHS68B,3IHWR4LC8GL9S1I0VXNMRYFSIKA8I0,t10:TSNei,A2FBJ#####9SQ6
3VE8AYVF8Q5S4UE4KRM2DLYO3GXF8P,3IHWR4LC8GL9S1I0VXNMRYFSIKA8I0,t10:u0Q68,A354D#####ODP1
3OXV7EAXLIYAK4FN7HO2SYD0UV463N,3IHWR4LC8GL9S1I0VXNMRYFSIKA8I0,t10:xTY7K,A1QBN#####NYYY
358010RM5I17FS12SE3YB6I3IJTXV2,3IHWR4LC8GL9S1I0VXNMRYFSIKA8I0,t10:ykQuu,AVD6H#####LFI
32SCWG5HILCHRTKA5FL951G1ZRYP6K,3IHWR4LC8GL9S1I0VXNMRYFSIKA8I0,t10:GT9OF,AA6RY#####BKM
3BF51CHDTZIU0107KDXNNR4J0X6H0A,3IHWR4LC8GL9S1I0VXNMRYFSIKA8I0,t10:u64yk,A1FHK#####9RU
3GNA64GUZIC681LB09QTD0SB8TM5QQ,3IHWR4LC8GL9S1I0VXNMRYFSIKA8I0,t10:SKbD8,A2658#####AR1D
3DOCMVPBTRMPVTEPOHUY3NXSU4XNNB,3IHWR4LC8GL9S1I0VXNMRYFSIKA8I0,dropped,A123B#####TCIP
3DOCMVPBTRMPVTEPOHUY3NXSU4XNNB,3IHWR4LC8GL9S1I0VXNMRYFSIKA8I0,dropped,A3R10#####20BW
3DOCMVPBTRMPVTEPOHUY3NXSU4XNNB,3IHWR4LC8GL9S1I0VXNMRYFSIKA8I0,dropped,A1GXO#####OSWN
3QIYRE09Y7PMHM70JUW06GKPR3U1NJ,3IHWR4LC8GL9S1I0VXNMRYFSIKA8I0,t10:ff2Db,A1PLZ#####W43J
3VD82FOHKUWOMAHA06LX213LLAXCO6,3IHWR4LC8GL9S1I0VXNMRYFSIKA8I0,t10:y6Ym4,A30HU#####X1LK
3LOZAJ85YHLYI13044JN91LSLLW2XV,3IHWR4LC8GL9S1I0VXNMRYFSIKA8I0,t10:jLf4s,A4JP9#####ZPS
